POKE NAME,LOCATION_1_NAME,LOCATION_2_NAME,LOCATION_3,LOCATION_4,LOCATION_5,LOCATION_6,Bred,item_use,parent pokemon,evol_level,EVOLVED
Bulbasaur,lumiose,none,none,none,none,none,no,no,,,no
Ivysaur,none,none,none,none,none,none,no,no,bulbasaur,16,yes
Venusaur,none,none,none,none,none,none,no,no,ivysaur,32,yes
Charmander,lumiose,none,none,none,none,none,no,no,FALSE,FALSE,no
Charmeleon,none,none,none,none,none,none,no,no,charmander,16,yes
Charizard,none,none,none,none,none,none,no,no,charmeleon,36,yes
Squirtle,lumiose,none,none,none,none,none,no,no,FALSE,FALSE,no
Wartortle,none,none,none,none,none,none,no,no,squirtle,16,yes
Blastoise,none,none,none,none,none,none,no,no,wartortle,36,yes
Caterpie,route_2,santalune_forest,none,none,none,none,no,no,FALSE,FALSE,no
Metapod,none,none,none,none,none,none,no,no,caterpie,7,yes
Butterfree,friend_safari_bug,,none,none,none,none,no,no,metapod,10,yes
Weedle,route_2,none,none,none,none,none,no,no,FALSE,FALSE,no
Kakuna,santalune_forest,friend_safari_poison,none,none,none,none,no,no,FALSE,FALSE,no
Beedrill,none,none,none,none,none,none,no,no,kakuna,10,yes
Pidgey,route_2,route_3,friend_safari_flying,none,none,none,no,no,FALSE,FALSE,no
Pidgeotto,none,none,none,none,none,none,no,no,pidgey,18,yes
Pidgeot,none,none,none,none,none,none,no,no,pidgeotto,36,yes
Spearow,friend_safari_flying,,none,none,none,none,yes,no,FALSE,FALSE,no
Fearow,victory_road,none,none,none,none,none,no,no,FALSE,FALSE,no
Ekans,route_14,none,none,none,none,none,no,no,FALSE,FALSE,no
Arbok,none,none,none,none,none,none,no,no,ekans,22,yes
Pikachu,route_3,santalune_forest,friend_safari_electric,none,none,none,no,no,FALSE,FALSE,no
Raichu,none,none,none,none,none,none,no,yes,pikachu,FALSE,no
Sandshrew,none,none,none,none,none,none,yes,no,sandslash,FALSE,no
Sandslash,route_18,terminus_cave,,none,none,none,no,no,sandshrew,22,yes
Nidoranf,route_11,none,none,none,none,none,no,no,FALSE,FALSE,no
Nidorina,none,none,none,none,none,none,no,no,nidoranf,16,yes
Nidoqueen,none,none,none,none,none,none,no,yes,nidorina,FALSE,no
Nidoranm,route_11,none,none,none,none,none,no,no,FALSE,FALSE,no
Nidorino,route_11,none,none,none,none,none,no,no,nidoranm,16,yes
Nidoking,none,none,none,none,none,none,no,yes,nidorino,FALSE,no
Clefairy,friend_safari_fairy,none,none,none,none,none,no,no,FALSE,FALSE,no
Clefable,none,none,none,none,none,none,no,yes,clefairy,FALSE,no
Vulpix,none,none,none,none,none,none,yes,no,ninetales,FALSE,no
Ninetales,friend_safari_fire,none,none,none,none,none,no,yes,vulpix,FALSE,no
Jigglypuff,route_20,pokemon_village,friend_safari_fairy,none,none,none,no,no,FALSE,FALSE,no
Wigglytuff,none,none,none,none,none,none,no,yes,jigglypugg,FALSE,no
Zubat,connecting_cave,none,none,none,none,none,no,no,FALSE,FALSE,no
Golbat,none,none,none,none,none,none,no,no,zubat,22,yes
Oddish,route_6,friend_safari_grass,none,none,none,none,no,no,FALSE,FALSE,no
Gloom,none,none,none,none,none,none,no,no,oddish,21,yes
Vileplume,none,none,none,none,none,none,no,yes,gloom,FALSE,no
Paras,friend_safari_bug,none,none,none,none,none,no,no,FALSE,FALSE,no
Parasect,none,none,none,none,none,none,no,no,paras,24,yes
Venonat,none,none,none,none,none,none,yes,no,FALSE,FALSE,no
Venomoth,friend_safari_bug,friend_safari_poison,none,none,none,none,no,no,FALSE,FALSE,no
Diglett,none,none,none,none,none,none,yes,no,dugtrio,FALSE,no
Dugtrio,route_13,none,none,none,none,none,no,no,FALSE,FALSE,no
Meowth,none,none,none,none,none,none,no,no,FALSE,FALSE,no
Persian,none,none,none,none,none,none,no,no,FALSE,FALSE,no
Psyduck,route_2,route_22,none,none,none,none,no,no,FALSE,FALSE,no
Golduck,none,none,none,none,none,none,no,no,psyduck,33,yes
Mankey,friend_safari_fighting,,none,none,none,none,no,no,FALSE,FALSE,no
Primeape,none,none,none,none,none,none,no,no,makey,28,yes
Growlithe,friend_safari_fire,none,none,none,none,none,no,no,FALSE,FALSE,no
Arcanine,none,none,none,none,none,none,no,yes,glowlithe,FALSE,no
Poliwag,route_14,route_15,route_16,route_19,route_21,laverre_city,no,no,FALSE,FALSE,no
Poliwhirl,route_14,route_15,route_16,route_19,route_21,laverre_city,no,no,FALSE,FALSE,no
Poliwrath,victory_road,none,none,none,none,none,no,yes,FALSE,FALSE,no
Abra,route_5,friend_safari_psychic,,none,none,none,no,no,FALSE,FALSE,no
Kadabra,none,none,none,none,none,none,no,no,abra,16,yes
Alakazam,none,none,none,none,none,none,no,no,FALSE,FALSE,no
Machop,glittering_cave,none,none,none,none,none,no,no,FALSE,FALSE,no
Machoke,none,none,none,none,none,none,no,no,machop,28,yes
Machamp,none,none,none,none,none,none,no,no,FALSE,FALSE,no
Bellsprout,route_14,none,none,none,none,none,no,no,FALSE,FALSE,no
Weepinbell,route_16,route_19,none,none,none,none,no,no,bellsprout,21,yes
Victreebel,none,none,none,none,none,none,no,yes,weepinbell,FALSE,no
Tentacool,route_8,route_12,ambrette_town,azure_bay,cyllage_city,none,no,no,FALSE,FALSE,no
Tentacruel,none,none,none,none,none,none,no,no,tentacool,30,yes
Geodude,route_18,terminus_cave,victory_road,none,none,none,no,no,FALSE,FALSE,no
Graveler,route_13,route_18,terminus_cave,victory_road,none,none,no,no,FALSE,FALSE,no
Golem,none,none,none,none,none,none,no,no,FALSE,FALSE,no
Ponyta,friend_safari_fire,none,none,none,none,none,no,no,FALSE,FALSE,no
Rapidash,none,none,none,none,none,none,no,no,ponyta,40,yes
Slowpoke,route_12,azure_bay,none,none,none,none,no,no,FALSE,FALSE,no
Slowbro,none,none,none,none,none,none,no,no,slowpoke,37,yes
Magnemite,none,none,none,none,none,none,yes,no,magneton,FALSE,no
Magneton,lost_hotel,friend_safari_steel,none,none,none,none,no,no,FALSE,FALSE,no
Farfetch'd,route_22,friend_safari_flying,none,none,none,none,no,no,FALSE,FALSE,no
Doduo,route_5,friend_safari_flying,none,none,none,none,no,no,FALSE,FALSE,no
Dodrio,none,none,none,none,none,none,no,no,doduo,31,yes
Seel,none,none,none,none,none,none,yes,no,dewgong,FALSE,no
Dewgong,friend_safar_ice,none,none,none,none,none,no,no,FALSE,FALSE,no
Grimer,none,none,none,none,none,none,yes,no,muk,FALSE,no
Muk,friend_safari_poison,,none,none,none,none,no,no,FALSE,FALSE,no
Shellder,route_8,none,none,none,none,none,no,no,FALSE,FALSE,no
Cloyster,route_8,friend_safari_ice,none,none,none,none,no,no,FALSE,FALSE,no
Gastly,none,none,none,none,none,none,yes,no,haunter,FALSE,no
Haunter,route_14,victory_road,frost_cavern,route_19,none,none,no,no,gastly,25,yes
Gengar,none,none,none,none,none,none,no,no,FALSE,FALSE,no
Onix,cyllage_city,glittering_cave,none,none,none,none,no,no,FALSE,FALSE,no
Drowzee,friend_safari_psychic,,none,none,none,none,no,no,FALSE,FALSE,no
Hypno,none,none,none,none,none,none,no,no,drowzee,26,yes
Krabby,friend_safari_water,none,none,none,none,none,no,no,FALSE,FALSE,no
Kingler,none,none,none,none,none,none,no,no,krabby,28,yes
Voltorb,none,none,none,none,none,none,yes,no,electrode,FALSE,no
Electrode,lost_hotel,friend_safari_electric,none,none,none,none,no,no,voltorb,30,yes
Exeggcute,route_12,azure_bay,none,none,none,none,no,no,FALSE,FALSE,no
Exeggutor,none,none,none,none,none,none,no,yes,exeggcute,FALSE,no
Cubone,glittering_cave,none,none,none,none,none,no,no,FALSE,FALSE,no
Marowak,friend_safari_ground,none,none,none,none,none,no,no,cubone,28,yes
Hitmonlee,none,none,none,none,none,none,no,no,tyrogue,20,yes
Hitmonchan,none,none,none,none,none,none,no,no,tyrogue,20,yes
Lickitung,victory_road,none,none,none,none,none,no,no,FALSE,FALSE,no
Koffing,none,none,none,none,none,none,no,no,FALSE,FALSE,no
Weezing,none,none,none,none,none,none,no,no,FALSE,FALSE,no
Rhyhorn,glittering_cave,none,none,none,none,none,no,no,FALSE,FALSE,no
Rhydon,none,none,none,none,none,none,no,no,rhyhorn,42,yes
Chansey,friend_safari_normal,none,none,none,none,none,no,no,FALSE,FALSE,no
Tangela,friend_safari_grass,none,none,none,none,none,no,no,FALSE,FALSE,no
Kangaskhan,glittering_cave,none,none,none,none,none,no,no,FALSE,FALSE,no
Horsea,ambrette_town,cyllage_city,none,none,none,none,no,no,FALSE,FALSE,no
Seadra,ambrette_town,cyllage_city,none,none,none,none,no,no,horsea,32,yes
Goldeen,route_3,route_22,parfum_palace,none,none,none,no,no,FALSE,FALSE,no
Seaking,route_3,route_22,parfum_palace,none,none,none,no,no,goldeen,33,yes
Staryu,route_8,none,none,none,none,none,no,no,FALSE,FALSE,no
Starmie,route_8,none,none,none,none,none,no,yes,staryu,FALSE,no
Mr. Mime,reflection_cave,none,none,none,none,none,no,no,FALSE,FALSE,no
Scyther,route_21,none,none,none,none,none,no,no,FALSE,FALSE,no
Jynx,frost_cavern,none,none,none,none,none,no,no,FALSE,FALSE,no
Electabuzz,friend_safari_electric,none,none,none,none,none,no,no,FALSE,FALSE,no
Magmar,friend_safari_fire,none,none,none,none,none,no,no,FALSE,FALSE,no
Pinsir,route_12,none,none,none,none,none,no,no,FALSE,FALSE,no
Tauros,route_12,none,none,none,none,none,no,no,FALSE,FALSE,no
Magikarp,incomplete,incomplete,incomplete,incomplete,incomplete,incomplete,no,no,FALSE,FALSE,no
Gyarados,incomplete,incomplete,incomplete,incomplete,incomplete,incomplete,no,no,FALSE,FALSE,no
Lapras,incomplete,incomplete,incomplete,incomplete,incomplete,incomplete,no,no,FALSE,FALSE,no
Ditto,incomplete,incomplete,incomplete,incomplete,incomplete,incomplete,no,no,FALSE,FALSE,no
Eevee,incomplete,incomplete,incomplete,incomplete,incomplete,incomplete,no,no,FALSE,FALSE,no
Vaporeon,incomplete,incomplete,incomplete,incomplete,incomplete,incomplete,no,no,FALSE,FALSE,no
Jolteon,incomplete,incomplete,incomplete,incomplete,incomplete,incomplete,no,no,FALSE,FALSE,no
Flareon,incomplete,incomplete,incomplete,incomplete,incomplete,incomplete,no,no,FALSE,FALSE,no
Porygon,incomplete,incomplete,incomplete,incomplete,incomplete,incomplete,no,no,FALSE,FALSE,no
Omanyte,incomplete,incomplete,incomplete,incomplete,incomplete,incomplete,no,no,FALSE,FALSE,no
Omastar,incomplete,incomplete,incomplete,incomplete,incomplete,incomplete,no,no,,FALSE,no
Kabuto,incomplete,incomplete,incomplete,incomplete,incomplete,incomplete,no,no,,FALSE,no
Kabutops,incomplete,incomplete,incomplete,incomplete,incomplete,incomplete,no,no,,FALSE,no
Aerodactyl,incomplete,incomplete,incomplete,incomplete,incomplete,incomplete,no,no,,FALSE,no
Snorlax,incomplete,incomplete,incomplete,incomplete,incomplete,incomplete,no,no,,FALSE,no
Articuno,incomplete,incomplete,incomplete,incomplete,incomplete,incomplete,no,no,,FALSE,no
Zapdos,incomplete,incomplete,incomplete,incomplete,incomplete,incomplete,no,no,,FALSE,no
Moltres,incomplete,incomplete,incomplete,incomplete,incomplete,incomplete,no,no,,FALSE,no
Dratini,incomplete,incomplete,incomplete,incomplete,incomplete,incomplete,no,no,,FALSE,no
Dragonair,incomplete,incomplete,incomplete,incomplete,incomplete,incomplete,no,no,,FALSE,no
Dragonite,incomplete,incomplete,incomplete,incomplete,incomplete,incomplete,no,no,,FALSE,no
Mewtwo,incomplete,incomplete,incomplete,incomplete,incomplete,incomplete,no,no,,FALSE,no
Mew,incomplete,incomplete,incomplete,incomplete,incomplete,incomplete,no,no,,FALSE,no
Chikorita,incomplete,incomplete,incomplete,incomplete,incomplete,incomplete,no,no,,FALSE,no
Bayleef,incomplete,incomplete,incomplete,incomplete,incomplete,incomplete,no,no,,FALSE,no
Meganium,incomplete,incomplete,incomplete,incomplete,incomplete,incomplete,no,no,,FALSE,no
Cyndaquil,incomplete,incomplete,incomplete,incomplete,incomplete,incomplete,no,no,,FALSE,no
Quilava,incomplete,incomplete,incomplete,incomplete,incomplete,incomplete,no,no,,FALSE,no
Typhlosion,incomplete,incomplete,incomplete,incomplete,incomplete,incomplete,no,no,,,no
Totodile,incomplete,incomplete,incomplete,incomplete,incomplete,incomplete,no,no,,,no
Croconaw,incomplete,incomplete,incomplete,incomplete,incomplete,incomplete,no,no,,,no
Feraligatr,incomplete,incomplete,incomplete,incomplete,incomplete,incomplete,no,no,,,no
Sentret,incomplete,incomplete,incomplete,incomplete,incomplete,incomplete,no,no,,,no
Furret,incomplete,incomplete,incomplete,incomplete,incomplete,incomplete,no,no,,,no
Hoothoot,incomplete,incomplete,incomplete,incomplete,incomplete,incomplete,no,no,,,no
Noctowl,incomplete,incomplete,incomplete,incomplete,incomplete,incomplete,no,no,,,no
Ledyba,incomplete,incomplete,incomplete,incomplete,incomplete,incomplete,no,no,,,no
Ledian,incomplete,incomplete,incomplete,incomplete,incomplete,incomplete,no,no,,,no
Spinarak,incomplete,incomplete,incomplete,incomplete,incomplete,incomplete,no,no,,,no
Ariados,incomplete,incomplete,incomplete,incomplete,incomplete,incomplete,no,no,,,no
Crobat,incomplete,incomplete,incomplete,incomplete,incomplete,incomplete,no,no,,,no
Chinchou,incomplete,incomplete,incomplete,incomplete,incomplete,incomplete,no,no,,,no
Lanturn,incomplete,incomplete,incomplete,incomplete,incomplete,incomplete,no,no,,,no
Pichu,incomplete,incomplete,incomplete,incomplete,incomplete,incomplete,no,no,,,no
Cleffa,incomplete,incomplete,incomplete,incomplete,incomplete,incomplete,no,no,,,no
Igglybuff,incomplete,incomplete,incomplete,incomplete,incomplete,incomplete,no,no,,,no
Togepi,incomplete,incomplete,incomplete,incomplete,incomplete,incomplete,no,no,,,no
Togetic,incomplete,incomplete,incomplete,incomplete,incomplete,incomplete,no,no,,,no
Natu,incomplete,incomplete,incomplete,incomplete,incomplete,incomplete,no,no,,,no
Xatu,incomplete,incomplete,incomplete,incomplete,incomplete,incomplete,no,no,,,no
Mareep,incomplete,incomplete,incomplete,incomplete,incomplete,incomplete,no,no,,,no
Flaaffy,incomplete,incomplete,incomplete,incomplete,incomplete,incomplete,no,no,,,no
Ampharos,incomplete,incomplete,incomplete,incomplete,incomplete,incomplete,no,no,,,no
Bellossom,incomplete,incomplete,incomplete,incomplete,incomplete,incomplete,no,no,,,no
Marill,incomplete,incomplete,incomplete,incomplete,incomplete,incomplete,no,no,,,no
Azumarill,incomplete,incomplete,incomplete,incomplete,incomplete,incomplete,no,no,,,no
Sudowoodo,incomplete,incomplete,incomplete,incomplete,incomplete,incomplete,no,no,,,no
Politoed,incomplete,incomplete,incomplete,incomplete,incomplete,incomplete,no,no,,,no
Hoppip,incomplete,incomplete,incomplete,incomplete,incomplete,incomplete,no,no,,,no
Skiploom,incomplete,incomplete,incomplete,incomplete,incomplete,incomplete,no,no,,,no
Jumpluff,incomplete,incomplete,incomplete,incomplete,incomplete,incomplete,no,no,,,no
Aipom,incomplete,incomplete,incomplete,incomplete,incomplete,incomplete,no,no,,,no
Sunkern,incomplete,incomplete,incomplete,incomplete,incomplete,incomplete,no,no,,,no
Sunflora,incomplete,incomplete,incomplete,incomplete,incomplete,incomplete,no,no,,,no
Yanma,incomplete,incomplete,incomplete,incomplete,incomplete,incomplete,no,no,,,no
Wooper,incomplete,incomplete,incomplete,incomplete,incomplete,incomplete,no,no,,,no
Quagsire,incomplete,incomplete,incomplete,incomplete,incomplete,incomplete,no,no,,,no
Espeon,incomplete,incomplete,incomplete,incomplete,incomplete,incomplete,no,no,,,no
Umbreon,incomplete,incomplete,incomplete,incomplete,incomplete,incomplete,no,no,,,no
Murkrow,incomplete,incomplete,incomplete,incomplete,incomplete,incomplete,no,no,,,no
Slowking,incomplete,incomplete,incomplete,incomplete,incomplete,incomplete,no,no,,,no
Misdreavus,incomplete,incomplete,incomplete,incomplete,incomplete,incomplete,no,no,,,no
Unown,incomplete,incomplete,incomplete,incomplete,incomplete,incomplete,no,no,,,no
Wobbuffet,incomplete,incomplete,incomplete,incomplete,incomplete,incomplete,no,no,,,no
Girafarig,incomplete,incomplete,incomplete,incomplete,incomplete,incomplete,no,no,,,no
Pineco,incomplete,incomplete,incomplete,incomplete,incomplete,incomplete,no,no,,,no
Forretress,incomplete,incomplete,incomplete,incomplete,incomplete,incomplete,no,no,,,no
Dunsparce,incomplete,incomplete,incomplete,incomplete,incomplete,incomplete,no,no,,,no
Gligar,incomplete,incomplete,incomplete,incomplete,incomplete,incomplete,no,no,,,no
Steelix,incomplete,incomplete,incomplete,incomplete,incomplete,incomplete,no,no,,,no
Snubbull,incomplete,incomplete,incomplete,incomplete,incomplete,incomplete,no,no,,,no
Granbull,incomplete,incomplete,incomplete,incomplete,incomplete,incomplete,no,no,,,no
Qwilfish,incomplete,incomplete,incomplete,incomplete,incomplete,incomplete,no,no,,,no
Scizor,incomplete,incomplete,incomplete,incomplete,incomplete,incomplete,no,no,,,no
Shuckle,incomplete,incomplete,incomplete,incomplete,incomplete,incomplete,no,no,,,no
Heracross,incomplete,incomplete,incomplete,incomplete,incomplete,incomplete,no,no,,,no
Sneasel,incomplete,incomplete,incomplete,incomplete,incomplete,incomplete,no,no,,,no
Teddiursa,incomplete,incomplete,incomplete,incomplete,incomplete,incomplete,no,no,,,no
Ursaring,incomplete,incomplete,incomplete,incomplete,incomplete,incomplete,no,no,,,no
Slugma,incomplete,incomplete,incomplete,incomplete,incomplete,incomplete,no,no,,,no
Magcargo,incomplete,incomplete,incomplete,incomplete,incomplete,incomplete,no,no,,,no
Swinub,incomplete,incomplete,incomplete,incomplete,incomplete,incomplete,no,no,,,no
Piloswine,incomplete,incomplete,incomplete,incomplete,incomplete,incomplete,no,no,,,no
Corsola,incomplete,incomplete,incomplete,incomplete,incomplete,incomplete,no,no,,,no
Remoraid,incomplete,incomplete,incomplete,incomplete,incomplete,incomplete,no,no,,,no
Octillery,incomplete,incomplete,incomplete,incomplete,incomplete,incomplete,no,no,,,no
Delibird,incomplete,incomplete,incomplete,incomplete,incomplete,incomplete,no,no,,,no
Mantine,incomplete,incomplete,incomplete,incomplete,incomplete,incomplete,no,no,,,no
Skarmory,incomplete,incomplete,incomplete,incomplete,incomplete,incomplete,no,no,,,no
Houndour,incomplete,incomplete,incomplete,incomplete,incomplete,incomplete,no,no,,,no
Houndoom,incomplete,incomplete,incomplete,incomplete,incomplete,incomplete,no,no,,,no
Kingdra,incomplete,incomplete,incomplete,incomplete,incomplete,incomplete,no,no,,,no
Phanpy,incomplete,incomplete,incomplete,incomplete,incomplete,incomplete,no,no,,,no
Donphan,incomplete,incomplete,incomplete,incomplete,incomplete,incomplete,no,no,,,no
Porygon2,incomplete,incomplete,incomplete,incomplete,incomplete,incomplete,no,no,,,no
Stantler,incomplete,incomplete,incomplete,incomplete,incomplete,incomplete,no,no,,,no
Smeargle,incomplete,incomplete,incomplete,incomplete,incomplete,incomplete,no,no,,,no
Tyrogue,incomplete,incomplete,incomplete,incomplete,incomplete,incomplete,no,no,,,no
Hitmontop,incomplete,incomplete,incomplete,incomplete,incomplete,incomplete,no,no,,,no
Smoochum,incomplete,incomplete,incomplete,incomplete,incomplete,incomplete,no,no,,,no
Elekid,incomplete,incomplete,incomplete,incomplete,incomplete,incomplete,no,no,,,no
Magby,incomplete,incomplete,incomplete,incomplete,incomplete,incomplete,no,no,,,no
Miltank,incomplete,incomplete,incomplete,incomplete,incomplete,incomplete,no,no,,,no
Blissey,incomplete,incomplete,incomplete,incomplete,incomplete,incomplete,no,no,,,no
Raikou,incomplete,incomplete,incomplete,incomplete,incomplete,incomplete,no,no,,,no
Entei,incomplete,incomplete,incomplete,incomplete,incomplete,incomplete,no,no,,,no
Suicune,incomplete,incomplete,incomplete,incomplete,incomplete,incomplete,no,no,,,no
Larvitar,incomplete,incomplete,incomplete,incomplete,incomplete,incomplete,no,no,,,no
Pupitar,incomplete,incomplete,incomplete,incomplete,incomplete,incomplete,no,no,,,no
Tyranitar,incomplete,incomplete,incomplete,incomplete,incomplete,incomplete,no,no,,,no
Lugia,incomplete,incomplete,incomplete,incomplete,incomplete,incomplete,no,no,,,no
Ho-Oh,incomplete,incomplete,incomplete,incomplete,incomplete,incomplete,no,no,,,no
Celebi,incomplete,incomplete,incomplete,incomplete,incomplete,incomplete,no,no,,,no
Treecko,incomplete,incomplete,incomplete,incomplete,incomplete,incomplete,no,no,,,no
Grovyle,incomplete,incomplete,incomplete,incomplete,incomplete,incomplete,no,no,,,no
Sceptile,incomplete,incomplete,incomplete,incomplete,incomplete,incomplete,no,no,,,no
Torchic,incomplete,incomplete,incomplete,incomplete,incomplete,incomplete,no,no,,,no
Combusken,incomplete,incomplete,incomplete,incomplete,incomplete,incomplete,no,no,,,no
Blaziken,incomplete,incomplete,incomplete,incomplete,incomplete,incomplete,no,no,,,no
Mudkip,incomplete,incomplete,incomplete,incomplete,incomplete,incomplete,no,no,,,no
Marshtomp,incomplete,incomplete,incomplete,incomplete,incomplete,incomplete,no,no,,,no
Swampert,incomplete,incomplete,incomplete,incomplete,incomplete,incomplete,no,no,,,no
Poochyena,incomplete,incomplete,incomplete,incomplete,incomplete,incomplete,no,no,,,no
Mightyena,incomplete,incomplete,incomplete,incomplete,incomplete,incomplete,no,no,,,no
Zigzagoon,incomplete,incomplete,incomplete,incomplete,incomplete,incomplete,no,no,,,no
Linoone,incomplete,incomplete,incomplete,incomplete,incomplete,incomplete,no,no,,,no
Wurmple,incomplete,incomplete,incomplete,incomplete,incomplete,incomplete,no,no,,,no
Silcoon,incomplete,incomplete,incomplete,incomplete,incomplete,incomplete,no,no,,,no
Beautifly,incomplete,incomplete,incomplete,incomplete,incomplete,incomplete,no,no,,,no
Cascoon,incomplete,incomplete,incomplete,incomplete,incomplete,incomplete,no,no,,,no
Dustox,incomplete,incomplete,incomplete,incomplete,incomplete,incomplete,no,no,,,no
Lotad,incomplete,incomplete,incomplete,incomplete,incomplete,incomplete,no,no,,,no
Lombre,incomplete,incomplete,incomplete,incomplete,incomplete,incomplete,no,no,,,no
Ludicolo,incomplete,incomplete,incomplete,incomplete,incomplete,incomplete,no,no,,,no
Seedot,incomplete,incomplete,incomplete,incomplete,incomplete,incomplete,no,no,,,no
Nuzleaf,incomplete,incomplete,incomplete,incomplete,incomplete,incomplete,no,no,,,no
Shiftry,incomplete,incomplete,incomplete,incomplete,incomplete,incomplete,no,no,,,no
Taillow,incomplete,incomplete,incomplete,incomplete,incomplete,incomplete,no,no,,,no
Swellow,incomplete,incomplete,incomplete,incomplete,incomplete,incomplete,no,no,,,no
Wingull,incomplete,incomplete,incomplete,incomplete,incomplete,incomplete,no,no,,,no
Pelipper,incomplete,incomplete,incomplete,incomplete,incomplete,incomplete,no,no,,,no
Ralts,incomplete,incomplete,incomplete,incomplete,incomplete,incomplete,no,no,,,no
Kirlia,incomplete,incomplete,incomplete,incomplete,incomplete,incomplete,no,no,,,no
Gardevoir,incomplete,incomplete,incomplete,incomplete,incomplete,incomplete,no,no,,,no
Surskit,incomplete,incomplete,incomplete,incomplete,incomplete,incomplete,no,no,,,no
Masquerain,incomplete,incomplete,incomplete,incomplete,incomplete,incomplete,no,no,,,no
Shroomish,incomplete,incomplete,incomplete,incomplete,incomplete,incomplete,no,no,,,no
Breloom,incomplete,incomplete,incomplete,incomplete,incomplete,incomplete,no,no,,,no
Slakoth,incomplete,incomplete,incomplete,incomplete,incomplete,incomplete,no,no,,,no
Vigoroth,incomplete,incomplete,incomplete,incomplete,incomplete,incomplete,no,no,,,no
Slaking,incomplete,incomplete,incomplete,incomplete,incomplete,incomplete,no,no,,,no
Nincada,incomplete,incomplete,incomplete,incomplete,incomplete,incomplete,no,no,,,no
Ninjask,incomplete,incomplete,incomplete,incomplete,incomplete,incomplete,no,no,,,no
Shedinja,incomplete,incomplete,incomplete,incomplete,incomplete,incomplete,no,no,,,no
Whismur,incomplete,incomplete,incomplete,incomplete,incomplete,incomplete,no,no,,,no
Loudred,incomplete,incomplete,incomplete,incomplete,incomplete,incomplete,no,no,,,no
Exploud,incomplete,incomplete,incomplete,incomplete,incomplete,incomplete,no,no,,,no
Makuhita,incomplete,incomplete,incomplete,incomplete,incomplete,incomplete,no,no,,,no
Hariyama,incomplete,incomplete,incomplete,incomplete,incomplete,incomplete,no,no,,,no
Azurill,incomplete,incomplete,incomplete,incomplete,incomplete,incomplete,no,no,,,no
Nosepass,incomplete,incomplete,incomplete,incomplete,incomplete,incomplete,no,no,,,no
Skitty,incomplete,incomplete,incomplete,incomplete,incomplete,incomplete,no,no,,,no
Delcatty,incomplete,incomplete,incomplete,incomplete,incomplete,incomplete,no,no,,,no
Sableye,incomplete,incomplete,incomplete,incomplete,incomplete,incomplete,no,no,,,no
Mawile,incomplete,incomplete,incomplete,incomplete,incomplete,incomplete,no,no,,,no
Aron,incomplete,incomplete,incomplete,incomplete,incomplete,incomplete,no,no,,,no
Lairon,incomplete,incomplete,incomplete,incomplete,incomplete,incomplete,no,no,,,no
Aggron,incomplete,incomplete,incomplete,incomplete,incomplete,incomplete,no,no,,,no
Meditite,incomplete,incomplete,incomplete,incomplete,incomplete,incomplete,no,no,,,no
Medicham,incomplete,incomplete,incomplete,incomplete,incomplete,incomplete,no,no,,,no
Electrike,incomplete,incomplete,incomplete,incomplete,incomplete,incomplete,no,no,,,no
Manectric,incomplete,incomplete,incomplete,incomplete,incomplete,incomplete,no,no,,,no
Plusle,incomplete,incomplete,incomplete,incomplete,incomplete,incomplete,no,no,,,no
Minun,incomplete,incomplete,incomplete,incomplete,incomplete,incomplete,no,no,,,no
Volbeat,incomplete,incomplete,incomplete,incomplete,incomplete,incomplete,no,no,,,no
Illumise,incomplete,incomplete,incomplete,incomplete,incomplete,incomplete,no,no,,,no
Roselia,incomplete,incomplete,incomplete,incomplete,incomplete,incomplete,no,no,,,no
Gulpin,incomplete,incomplete,incomplete,incomplete,incomplete,incomplete,no,no,,,no
Swalot,incomplete,incomplete,incomplete,incomplete,incomplete,incomplete,no,no,,,no
Carvanha,incomplete,incomplete,incomplete,incomplete,incomplete,incomplete,no,no,,,no
Sharpedo,incomplete,incomplete,incomplete,incomplete,incomplete,incomplete,no,no,,,no
Wailmer,incomplete,incomplete,incomplete,incomplete,incomplete,incomplete,no,no,,,no
Wailord,incomplete,incomplete,incomplete,incomplete,incomplete,incomplete,no,no,,,no
Numel,incomplete,incomplete,incomplete,incomplete,incomplete,incomplete,no,no,,,no
Camerupt,incomplete,incomplete,incomplete,incomplete,incomplete,incomplete,no,no,,,no
Torkoal,incomplete,incomplete,incomplete,incomplete,incomplete,incomplete,no,no,,,no
Spoink,incomplete,incomplete,incomplete,incomplete,incomplete,incomplete,no,no,,,no
Grumpig,incomplete,incomplete,incomplete,incomplete,incomplete,incomplete,no,no,,,no
Spinda,incomplete,incomplete,incomplete,incomplete,incomplete,incomplete,no,no,,,no
Trapinch,incomplete,incomplete,incomplete,incomplete,incomplete,incomplete,no,no,,,no
Vibrava,incomplete,incomplete,incomplete,incomplete,incomplete,incomplete,no,no,,,no
Flygon,incomplete,incomplete,incomplete,incomplete,incomplete,incomplete,no,no,,,no
Cacnea,incomplete,incomplete,incomplete,incomplete,incomplete,incomplete,no,no,,,no
Cacturne,incomplete,incomplete,incomplete,incomplete,incomplete,incomplete,no,no,,,no
Swablu,incomplete,incomplete,incomplete,incomplete,incomplete,incomplete,no,no,,,no
Altaria,incomplete,incomplete,incomplete,incomplete,incomplete,incomplete,no,no,,,no
Zangoose,incomplete,incomplete,incomplete,incomplete,incomplete,incomplete,no,no,,,no
Seviper,incomplete,incomplete,incomplete,incomplete,incomplete,incomplete,no,no,,,no
Lunatone,incomplete,incomplete,incomplete,incomplete,incomplete,incomplete,no,no,,,no
Solrock,incomplete,incomplete,incomplete,incomplete,incomplete,incomplete,no,no,,,no
Barboach,incomplete,incomplete,incomplete,incomplete,incomplete,incomplete,no,no,,,no
Whiscash,incomplete,incomplete,incomplete,incomplete,incomplete,incomplete,no,no,,,no
Corphish,incomplete,incomplete,incomplete,incomplete,incomplete,incomplete,no,no,,,no
Crawdaunt,incomplete,incomplete,incomplete,incomplete,incomplete,incomplete,no,no,,,no
Baltoy,incomplete,incomplete,incomplete,incomplete,incomplete,incomplete,no,no,,,no
Claydol,incomplete,incomplete,incomplete,incomplete,incomplete,incomplete,no,no,,,no
Lileep,incomplete,incomplete,incomplete,incomplete,incomplete,incomplete,no,no,,,no
Cradily,incomplete,incomplete,incomplete,incomplete,incomplete,incomplete,no,no,,,no
Anorith,incomplete,incomplete,incomplete,incomplete,incomplete,incomplete,no,no,,,no
Armaldo,incomplete,incomplete,incomplete,incomplete,incomplete,incomplete,no,no,,,no
Feebas,incomplete,incomplete,incomplete,incomplete,incomplete,incomplete,no,no,,,no
Milotic,incomplete,incomplete,incomplete,incomplete,incomplete,incomplete,no,no,,,no
Castform,incomplete,incomplete,incomplete,incomplete,incomplete,incomplete,no,no,,,no
Kecleon,incomplete,incomplete,incomplete,incomplete,incomplete,incomplete,no,no,,,no
Shuppet,incomplete,incomplete,incomplete,incomplete,incomplete,incomplete,no,no,,,no
Banette,incomplete,incomplete,incomplete,incomplete,incomplete,incomplete,no,no,,,no
Duskull,incomplete,incomplete,incomplete,incomplete,incomplete,incomplete,no,no,,,no
Dusclops,incomplete,incomplete,incomplete,incomplete,incomplete,incomplete,no,no,,,no
Tropius,incomplete,incomplete,incomplete,incomplete,incomplete,incomplete,no,no,,,no
Chimecho,incomplete,incomplete,incomplete,incomplete,incomplete,incomplete,no,no,,,no
Absol,incomplete,incomplete,incomplete,incomplete,incomplete,incomplete,no,no,,,no
Wynaut,incomplete,incomplete,incomplete,incomplete,incomplete,incomplete,no,no,,,no
Snorunt,incomplete,incomplete,incomplete,incomplete,incomplete,incomplete,no,no,,,no
Glalie,incomplete,incomplete,incomplete,incomplete,incomplete,incomplete,no,no,,,no
Spheal,incomplete,incomplete,incomplete,incomplete,incomplete,incomplete,no,no,,,no
Sealeo,incomplete,incomplete,incomplete,incomplete,incomplete,incomplete,no,no,,,no
Walrein,incomplete,incomplete,incomplete,incomplete,incomplete,incomplete,no,no,,,no
Clamperl,incomplete,incomplete,incomplete,incomplete,incomplete,incomplete,no,no,,,no
Huntail,incomplete,incomplete,incomplete,incomplete,incomplete,incomplete,no,no,,,no
Gorebyss,incomplete,incomplete,incomplete,incomplete,incomplete,incomplete,no,no,,,no
Relicanth,incomplete,incomplete,incomplete,incomplete,incomplete,incomplete,no,no,,,no
Luvdisc,incomplete,incomplete,incomplete,incomplete,incomplete,incomplete,no,no,,,no
Bagon,incomplete,incomplete,incomplete,incomplete,incomplete,incomplete,no,no,,,no
Shelgon,incomplete,incomplete,incomplete,incomplete,incomplete,incomplete,no,no,,,no
Salamence,incomplete,incomplete,incomplete,incomplete,incomplete,incomplete,no,no,,,no
Beldum,incomplete,incomplete,incomplete,incomplete,incomplete,incomplete,no,no,,,no
Metang,incomplete,incomplete,incomplete,incomplete,incomplete,incomplete,no,no,,,no
Metagross,incomplete,incomplete,incomplete,incomplete,incomplete,incomplete,no,no,,,no
Regirock,incomplete,incomplete,incomplete,incomplete,incomplete,incomplete,no,no,,,no
Regice,incomplete,incomplete,incomplete,incomplete,incomplete,incomplete,no,no,,,no
Registeel,incomplete,incomplete,incomplete,incomplete,incomplete,incomplete,no,no,,,no
Latias,incomplete,incomplete,incomplete,incomplete,incomplete,incomplete,no,no,,,no
Latios,incomplete,incomplete,incomplete,incomplete,incomplete,incomplete,no,no,,,no
Kyogre,incomplete,incomplete,incomplete,incomplete,incomplete,incomplete,no,no,,,no
Groudon,incomplete,incomplete,incomplete,incomplete,incomplete,incomplete,no,no,,,no
Rayquaza,incomplete,incomplete,incomplete,incomplete,incomplete,incomplete,no,no,,,no
Jirachi,incomplete,incomplete,incomplete,incomplete,incomplete,incomplete,no,no,,,no
Deoxys,incomplete,incomplete,incomplete,incomplete,incomplete,incomplete,no,no,,,no
Turtwig,incomplete,incomplete,incomplete,incomplete,incomplete,incomplete,no,no,,,no
Grotle,incomplete,incomplete,incomplete,incomplete,incomplete,incomplete,no,no,,,no
Torterra,incomplete,incomplete,incomplete,incomplete,incomplete,incomplete,no,no,,,no
Chimchar,incomplete,incomplete,incomplete,incomplete,incomplete,incomplete,no,no,,,no
Monferno,incomplete,incomplete,incomplete,incomplete,incomplete,incomplete,no,no,,,no
Infernape,incomplete,incomplete,incomplete,incomplete,incomplete,incomplete,no,no,,,no
Piplup,incomplete,incomplete,incomplete,incomplete,incomplete,incomplete,no,no,,,no
Prinplup,incomplete,incomplete,incomplete,incomplete,incomplete,incomplete,no,no,,,no
Empoleon,incomplete,incomplete,incomplete,incomplete,incomplete,incomplete,no,no,,,no
Starly,incomplete,incomplete,incomplete,incomplete,incomplete,incomplete,no,no,,,no
Staravia,incomplete,incomplete,incomplete,incomplete,incomplete,incomplete,no,no,,,no
Staraptor,incomplete,incomplete,incomplete,incomplete,incomplete,incomplete,no,no,,,no
Bidoof,incomplete,incomplete,incomplete,incomplete,incomplete,incomplete,no,no,,,no
Bibarel,incomplete,incomplete,incomplete,incomplete,incomplete,incomplete,no,no,,,no
Kricketot,incomplete,incomplete,incomplete,incomplete,incomplete,incomplete,no,no,,,no
Kricketune,incomplete,incomplete,incomplete,incomplete,incomplete,incomplete,no,no,,,no
Shinx,incomplete,incomplete,incomplete,incomplete,incomplete,incomplete,no,no,,,no
Luxio,incomplete,incomplete,incomplete,incomplete,incomplete,incomplete,no,no,,,no
Luxray,incomplete,incomplete,incomplete,incomplete,incomplete,incomplete,no,no,,,no
Budew,incomplete,incomplete,incomplete,incomplete,incomplete,incomplete,no,no,,,no
Roserade,incomplete,incomplete,incomplete,incomplete,incomplete,incomplete,no,no,,,no
Cranidos,incomplete,incomplete,incomplete,incomplete,incomplete,incomplete,no,no,,,no
Rampardos,incomplete,incomplete,incomplete,incomplete,incomplete,incomplete,no,no,,,no
Shieldon,incomplete,incomplete,incomplete,incomplete,incomplete,incomplete,no,no,,,no
Bastiodon,incomplete,incomplete,incomplete,incomplete,incomplete,incomplete,no,no,,,no
Burmy,incomplete,incomplete,incomplete,incomplete,incomplete,incomplete,no,no,,,no
Wormadam,incomplete,incomplete,incomplete,incomplete,incomplete,incomplete,no,no,,,no
Mothim,incomplete,incomplete,incomplete,incomplete,incomplete,incomplete,no,no,,,no
Combee,incomplete,incomplete,incomplete,incomplete,incomplete,incomplete,no,no,,,no
Vespiquen,incomplete,incomplete,incomplete,incomplete,incomplete,incomplete,no,no,,,no
Pachirisu,incomplete,incomplete,incomplete,incomplete,incomplete,incomplete,no,no,,,no
Buizel,incomplete,incomplete,incomplete,incomplete,incomplete,incomplete,no,no,,,no
Floatzel,incomplete,incomplete,incomplete,incomplete,incomplete,incomplete,no,no,,,no
Cherubi,incomplete,incomplete,incomplete,incomplete,incomplete,incomplete,no,no,,,no
Cherrim,incomplete,incomplete,incomplete,incomplete,incomplete,incomplete,no,no,,,no
Shellos,incomplete,incomplete,incomplete,incomplete,incomplete,incomplete,no,no,,,no
Gastrodon,incomplete,incomplete,incomplete,incomplete,incomplete,incomplete,no,no,,,no
Ambipom,incomplete,incomplete,incomplete,incomplete,incomplete,incomplete,no,no,,,no
Drifloon,incomplete,incomplete,incomplete,incomplete,incomplete,incomplete,no,no,,,no
Drifblim,incomplete,incomplete,incomplete,incomplete,incomplete,incomplete,no,no,,,no
Buneary,incomplete,incomplete,incomplete,incomplete,incomplete,incomplete,no,no,,,no
Lopunny,incomplete,incomplete,incomplete,incomplete,incomplete,incomplete,no,no,,,no
Mismagius,incomplete,incomplete,incomplete,incomplete,incomplete,incomplete,no,no,,,no
Honchkrow,incomplete,incomplete,incomplete,incomplete,incomplete,incomplete,no,no,,,no
Glameow,incomplete,incomplete,incomplete,incomplete,incomplete,incomplete,no,no,,,no
Purugly,incomplete,incomplete,incomplete,incomplete,incomplete,incomplete,no,no,,,no
Chingling,incomplete,incomplete,incomplete,incomplete,incomplete,incomplete,no,no,,,no
Stunky,incomplete,incomplete,incomplete,incomplete,incomplete,incomplete,no,no,,,no
Skuntank,incomplete,incomplete,incomplete,incomplete,incomplete,incomplete,no,no,,,no
Bronzor,incomplete,incomplete,incomplete,incomplete,incomplete,incomplete,no,no,,,no
Bronzong,incomplete,incomplete,incomplete,incomplete,incomplete,incomplete,no,no,,,no
Bonsly,incomplete,incomplete,incomplete,incomplete,incomplete,incomplete,no,no,,,no
Mime Jr.,incomplete,incomplete,incomplete,incomplete,incomplete,incomplete,no,no,,,no
Happiny,incomplete,incomplete,incomplete,incomplete,incomplete,incomplete,no,no,,,no
Chatot,incomplete,incomplete,incomplete,incomplete,incomplete,incomplete,no,no,,,no
Spiritomb,incomplete,incomplete,incomplete,incomplete,incomplete,incomplete,no,no,,,no
Gible,incomplete,incomplete,incomplete,incomplete,incomplete,incomplete,no,no,,,no
Gabite,incomplete,incomplete,incomplete,incomplete,incomplete,incomplete,no,no,,,no
Garchomp,incomplete,incomplete,incomplete,incomplete,incomplete,incomplete,no,no,,,no
Munchlax,incomplete,incomplete,incomplete,incomplete,incomplete,incomplete,no,no,,,no
Riolu,incomplete,incomplete,incomplete,incomplete,incomplete,incomplete,no,no,,,no
Lucario,incomplete,incomplete,incomplete,incomplete,incomplete,incomplete,no,no,,,no
Hippopotas,incomplete,incomplete,incomplete,incomplete,incomplete,incomplete,no,no,,,no
Hippowdon,incomplete,incomplete,incomplete,incomplete,incomplete,incomplete,no,no,,,no
Skorupi,incomplete,incomplete,incomplete,incomplete,incomplete,incomplete,no,no,,,no
Drapion,incomplete,incomplete,incomplete,incomplete,incomplete,incomplete,no,no,,,no
Croagunk,incomplete,incomplete,incomplete,incomplete,incomplete,incomplete,no,no,,,no
Toxicroak,incomplete,incomplete,incomplete,incomplete,incomplete,incomplete,no,no,,,no
Carnivine,incomplete,incomplete,incomplete,incomplete,incomplete,incomplete,no,no,,,no
Finneon,incomplete,incomplete,incomplete,incomplete,incomplete,incomplete,no,no,,,no
Lumineon,incomplete,incomplete,incomplete,incomplete,incomplete,incomplete,no,no,,,no
Mantyke,incomplete,incomplete,incomplete,incomplete,incomplete,incomplete,no,no,,,no
Snover,incomplete,incomplete,incomplete,incomplete,incomplete,incomplete,no,no,,,no
Abomasnow,incomplete,incomplete,incomplete,incomplete,incomplete,incomplete,no,no,,,no
Weavile,incomplete,incomplete,incomplete,incomplete,incomplete,incomplete,no,no,,,no
Magnezone,incomplete,incomplete,incomplete,incomplete,incomplete,incomplete,no,no,,,no
Lickilicky,incomplete,incomplete,incomplete,incomplete,incomplete,incomplete,no,no,,,no
Rhyperior,incomplete,incomplete,incomplete,incomplete,incomplete,incomplete,no,no,,,no
Tangrowth,incomplete,incomplete,incomplete,incomplete,incomplete,incomplete,no,no,,,no
Electivire,incomplete,incomplete,incomplete,incomplete,incomplete,incomplete,no,no,,,no
Magmortar,incomplete,incomplete,incomplete,incomplete,incomplete,incomplete,no,no,,,no
Togekiss,incomplete,incomplete,incomplete,incomplete,incomplete,incomplete,no,no,,,no
Yanmega,incomplete,incomplete,incomplete,incomplete,incomplete,incomplete,no,no,,,no
Leafeon,incomplete,incomplete,incomplete,incomplete,incomplete,incomplete,no,no,,,no
Glaceon,incomplete,incomplete,incomplete,incomplete,incomplete,incomplete,no,no,,,no
Gliscor,incomplete,incomplete,incomplete,incomplete,incomplete,incomplete,no,no,,,no
Mamoswine,incomplete,incomplete,incomplete,incomplete,incomplete,incomplete,no,no,,,no
Porygon-Z,incomplete,incomplete,incomplete,incomplete,incomplete,incomplete,no,no,,,no
Gallade,incomplete,incomplete,incomplete,incomplete,incomplete,incomplete,no,no,,,no
Probopass,incomplete,incomplete,incomplete,incomplete,incomplete,incomplete,no,no,,,no
Dusknoir,incomplete,incomplete,incomplete,incomplete,incomplete,incomplete,no,no,,,no
Froslass,incomplete,incomplete,incomplete,incomplete,incomplete,incomplete,no,no,,,no
Rotom,incomplete,incomplete,incomplete,incomplete,incomplete,incomplete,no,no,,,no
Uxie,incomplete,incomplete,incomplete,incomplete,incomplete,incomplete,no,no,,,no
Mesprit,incomplete,incomplete,incomplete,incomplete,incomplete,incomplete,no,no,,,no
Azelf,incomplete,incomplete,incomplete,incomplete,incomplete,incomplete,no,no,,,no
Dialga,incomplete,incomplete,incomplete,incomplete,incomplete,incomplete,no,no,,,no
Palkia,incomplete,incomplete,incomplete,incomplete,incomplete,incomplete,no,no,,,no
Heatran,incomplete,incomplete,incomplete,incomplete,incomplete,incomplete,no,no,,,no
Regigigas,incomplete,incomplete,incomplete,incomplete,incomplete,incomplete,no,no,,,no
Giratina,incomplete,incomplete,incomplete,incomplete,incomplete,incomplete,no,no,,,no
Cresselia,incomplete,incomplete,incomplete,incomplete,incomplete,incomplete,no,no,,,no
Phione,incomplete,incomplete,incomplete,incomplete,incomplete,incomplete,no,no,,,no
Manaphy,incomplete,incomplete,incomplete,incomplete,incomplete,incomplete,no,no,,,no
Darkrai,incomplete,incomplete,incomplete,incomplete,incomplete,incomplete,no,no,,,no
Shaymin,incomplete,incomplete,incomplete,incomplete,incomplete,incomplete,no,no,,,no
Arceus,incomplete,incomplete,incomplete,incomplete,incomplete,incomplete,no,no,,,no
Victini,incomplete,incomplete,incomplete,incomplete,incomplete,incomplete,no,no,,,no
Snivy,incomplete,incomplete,incomplete,incomplete,incomplete,incomplete,no,no,,,no
Servine,incomplete,incomplete,incomplete,incomplete,incomplete,incomplete,no,no,,,no
Serperior,incomplete,incomplete,incomplete,incomplete,incomplete,incomplete,no,no,,,no
Tepig,incomplete,incomplete,incomplete,incomplete,incomplete,incomplete,no,no,,,no
Pignite,incomplete,incomplete,incomplete,incomplete,incomplete,incomplete,no,no,,,no
Emboar,incomplete,incomplete,incomplete,incomplete,incomplete,incomplete,no,no,,,no
Oshawott,incomplete,incomplete,incomplete,incomplete,incomplete,incomplete,no,no,,,no
Dewott,incomplete,incomplete,incomplete,incomplete,incomplete,incomplete,no,no,,,no
Samurott,incomplete,incomplete,incomplete,incomplete,incomplete,incomplete,no,no,,,no
Patrat,incomplete,incomplete,incomplete,incomplete,incomplete,incomplete,no,no,,,no
Watchog,incomplete,incomplete,incomplete,incomplete,incomplete,incomplete,no,no,,,no
Lillipup,incomplete,incomplete,incomplete,incomplete,incomplete,incomplete,no,no,,,no
Herdier,incomplete,incomplete,incomplete,incomplete,incomplete,incomplete,no,no,,,no
Stoutland,incomplete,incomplete,incomplete,incomplete,incomplete,incomplete,no,no,,,no
Purrloin,incomplete,incomplete,incomplete,incomplete,incomplete,incomplete,no,no,,,no
Liepard,incomplete,incomplete,incomplete,incomplete,incomplete,incomplete,no,no,,,no
Pansage,incomplete,incomplete,incomplete,incomplete,incomplete,incomplete,no,no,,,no
Simisage,incomplete,incomplete,incomplete,incomplete,incomplete,incomplete,no,no,,,no
Pansear,incomplete,incomplete,incomplete,incomplete,incomplete,incomplete,no,no,,,no
Simisear,incomplete,incomplete,incomplete,incomplete,incomplete,incomplete,no,no,,,no
Panpour,incomplete,incomplete,incomplete,incomplete,incomplete,incomplete,no,no,,,no
Simipour,incomplete,incomplete,incomplete,incomplete,incomplete,incomplete,no,no,,,no
Munna,incomplete,incomplete,incomplete,incomplete,incomplete,incomplete,no,no,,,no
Musharna,incomplete,incomplete,incomplete,incomplete,incomplete,incomplete,no,no,,,no
Pidove,incomplete,incomplete,incomplete,incomplete,incomplete,incomplete,no,no,,,no
Tranquill,incomplete,incomplete,incomplete,incomplete,incomplete,incomplete,no,no,,,no
Unfezant,incomplete,incomplete,incomplete,incomplete,incomplete,incomplete,no,no,,,no
Blitzle,incomplete,incomplete,incomplete,incomplete,incomplete,incomplete,no,no,,,no
Zebstrika,incomplete,incomplete,incomplete,incomplete,incomplete,incomplete,no,no,,,no
Roggenrola,incomplete,incomplete,incomplete,incomplete,incomplete,incomplete,no,no,,,no
Boldore,incomplete,incomplete,incomplete,incomplete,incomplete,incomplete,no,no,,,no
Gigalith,incomplete,incomplete,incomplete,incomplete,incomplete,incomplete,no,no,,,no
Woobat,incomplete,incomplete,incomplete,incomplete,incomplete,incomplete,no,no,,,no
Swoobat,incomplete,incomplete,incomplete,incomplete,incomplete,incomplete,no,no,,,no
Drilbur,incomplete,incomplete,incomplete,incomplete,incomplete,incomplete,no,no,,,no
Excadrill,incomplete,incomplete,incomplete,incomplete,incomplete,incomplete,no,no,,,no
Audino,incomplete,incomplete,incomplete,incomplete,incomplete,incomplete,no,no,,,no
Timburr,incomplete,incomplete,incomplete,incomplete,incomplete,incomplete,no,no,,,no
Gurdurr,incomplete,incomplete,incomplete,incomplete,incomplete,incomplete,no,no,,,no
Conkeldurr,incomplete,incomplete,incomplete,incomplete,incomplete,incomplete,no,no,,,no
Tympole,incomplete,incomplete,incomplete,incomplete,incomplete,incomplete,no,no,,,no
Palpitoad,incomplete,incomplete,incomplete,incomplete,incomplete,incomplete,no,no,,,no
Seismitoad,incomplete,incomplete,incomplete,incomplete,incomplete,incomplete,no,no,,,no
Throh,incomplete,incomplete,incomplete,incomplete,incomplete,incomplete,no,no,,,no
Sawk,incomplete,incomplete,incomplete,incomplete,incomplete,incomplete,no,no,,,no
Sewaddle,incomplete,incomplete,incomplete,incomplete,incomplete,incomplete,no,no,,,no
Swadloon,incomplete,incomplete,incomplete,incomplete,incomplete,incomplete,no,no,,,no
Leavanny,incomplete,incomplete,incomplete,incomplete,incomplete,incomplete,no,no,,,no
Venipede,incomplete,incomplete,incomplete,incomplete,incomplete,incomplete,no,no,,,no
Whirlipede,incomplete,incomplete,incomplete,incomplete,incomplete,incomplete,no,no,,,no
Scolipede,incomplete,incomplete,incomplete,incomplete,incomplete,incomplete,no,no,,,no
Cottonee,incomplete,incomplete,incomplete,incomplete,incomplete,incomplete,no,no,,,no
Whimsicott,incomplete,incomplete,incomplete,incomplete,incomplete,incomplete,no,no,,,no
Petilil,incomplete,incomplete,incomplete,incomplete,incomplete,incomplete,no,no,,,no
Lilligant,incomplete,incomplete,incomplete,incomplete,incomplete,incomplete,no,no,,,no
Basculin,incomplete,incomplete,incomplete,incomplete,incomplete,incomplete,no,no,,,no
Sandile,incomplete,incomplete,incomplete,incomplete,incomplete,incomplete,no,no,,,no
Krokorok,incomplete,incomplete,incomplete,incomplete,incomplete,incomplete,no,no,,,no
Krookodile,incomplete,incomplete,incomplete,incomplete,incomplete,incomplete,no,no,,,no
Darumaka,incomplete,incomplete,incomplete,incomplete,incomplete,incomplete,no,no,,,no
Darmanitan,incomplete,incomplete,incomplete,incomplete,incomplete,incomplete,no,no,,,no
Maractus,incomplete,incomplete,incomplete,incomplete,incomplete,incomplete,no,no,,,no
Dwebble,incomplete,incomplete,incomplete,incomplete,incomplete,incomplete,no,no,,,no
Crustle,incomplete,incomplete,incomplete,incomplete,incomplete,incomplete,no,no,,,no
Scraggy,incomplete,incomplete,incomplete,incomplete,incomplete,incomplete,no,no,,,no
Scrafty,incomplete,incomplete,incomplete,incomplete,incomplete,incomplete,no,no,,,no
Sigilyph,incomplete,incomplete,incomplete,incomplete,incomplete,incomplete,no,no,,,no
Yamask,incomplete,incomplete,incomplete,incomplete,incomplete,incomplete,no,no,,,no
Cofagrigus,incomplete,incomplete,incomplete,incomplete,incomplete,incomplete,no,no,,,no
Tirtouga,incomplete,incomplete,incomplete,incomplete,incomplete,incomplete,no,no,,,no
Carracosta,incomplete,incomplete,incomplete,incomplete,incomplete,incomplete,no,no,,,no
Archen,incomplete,incomplete,incomplete,incomplete,incomplete,incomplete,no,no,,,no
Archeops,incomplete,incomplete,incomplete,incomplete,incomplete,incomplete,no,no,,,no
Trubbish,incomplete,incomplete,incomplete,incomplete,incomplete,incomplete,no,no,,,no
Garbodor,incomplete,incomplete,incomplete,incomplete,incomplete,incomplete,no,no,,,no
Zorua,incomplete,incomplete,incomplete,incomplete,incomplete,incomplete,no,no,,,no
Zoroark,incomplete,incomplete,incomplete,incomplete,incomplete,incomplete,no,no,,,no
Minccino,incomplete,incomplete,incomplete,incomplete,incomplete,incomplete,no,no,,,no
Cinccino,incomplete,incomplete,incomplete,incomplete,incomplete,incomplete,no,no,,,no
Gothita,incomplete,incomplete,incomplete,incomplete,incomplete,incomplete,no,no,,,no
Gothorita,incomplete,incomplete,incomplete,incomplete,incomplete,incomplete,no,no,,,no
Gothitelle,incomplete,incomplete,incomplete,incomplete,incomplete,incomplete,no,no,,,no
Solosis,incomplete,incomplete,incomplete,incomplete,incomplete,incomplete,no,no,,,no
Duosion,incomplete,incomplete,incomplete,incomplete,incomplete,incomplete,no,no,,,no
Reuniclus,incomplete,incomplete,incomplete,incomplete,incomplete,incomplete,no,no,,,no
Ducklett,incomplete,incomplete,incomplete,incomplete,incomplete,incomplete,no,no,,,no
Swanna,incomplete,incomplete,incomplete,incomplete,incomplete,incomplete,no,no,,,no
Vanillite,incomplete,incomplete,incomplete,incomplete,incomplete,incomplete,no,no,,,no
Vanillish,incomplete,incomplete,incomplete,incomplete,incomplete,incomplete,no,no,,,no
Vanilluxe,incomplete,incomplete,incomplete,incomplete,incomplete,incomplete,no,no,,,no
Deerling,incomplete,incomplete,incomplete,incomplete,incomplete,incomplete,no,no,,,no
Sawsbuck,incomplete,incomplete,incomplete,incomplete,incomplete,incomplete,no,no,,,no
Emolga,incomplete,incomplete,incomplete,incomplete,incomplete,incomplete,no,no,,,no
Karrablast,incomplete,incomplete,incomplete,incomplete,incomplete,incomplete,no,no,,,no
Escavalier,incomplete,incomplete,incomplete,incomplete,incomplete,incomplete,no,no,,,no
Foongus,incomplete,incomplete,incomplete,incomplete,incomplete,incomplete,no,no,,,no
Amoonguss,incomplete,incomplete,incomplete,incomplete,incomplete,incomplete,no,no,,,no
Frillish,incomplete,incomplete,incomplete,incomplete,incomplete,incomplete,no,no,,,no
Jellicent,incomplete,incomplete,incomplete,incomplete,incomplete,incomplete,no,no,,,no
Alomomola,incomplete,incomplete,incomplete,incomplete,incomplete,incomplete,no,no,,,no
Joltik,incomplete,incomplete,incomplete,incomplete,incomplete,incomplete,no,no,,,no
Galvantula,incomplete,incomplete,incomplete,incomplete,incomplete,incomplete,no,no,,,no
Ferroseed,incomplete,incomplete,incomplete,incomplete,incomplete,incomplete,no,no,,,no
Ferrothorn,incomplete,incomplete,incomplete,incomplete,incomplete,incomplete,no,no,,,no
Klink,incomplete,incomplete,incomplete,incomplete,incomplete,incomplete,no,no,,,no
Klang,incomplete,incomplete,incomplete,incomplete,incomplete,incomplete,no,no,,,no
Klinklang,incomplete,incomplete,incomplete,incomplete,incomplete,incomplete,no,no,,,no
Tynamo,incomplete,incomplete,incomplete,incomplete,incomplete,incomplete,no,no,,,no
Eelektrik,incomplete,incomplete,incomplete,incomplete,incomplete,incomplete,no,no,,,no
Eelektross,incomplete,incomplete,incomplete,incomplete,incomplete,incomplete,no,no,,,no
Elgyem,incomplete,incomplete,incomplete,incomplete,incomplete,incomplete,no,no,,,no
Beheeyem,incomplete,incomplete,incomplete,incomplete,incomplete,incomplete,no,no,,,no
Litwick,incomplete,incomplete,incomplete,incomplete,incomplete,incomplete,no,no,,,no
Lampent,incomplete,incomplete,incomplete,incomplete,incomplete,incomplete,no,no,,,no
Chandelure,incomplete,incomplete,incomplete,incomplete,incomplete,incomplete,no,no,,,no
Axew,incomplete,incomplete,incomplete,incomplete,incomplete,incomplete,no,no,,,no
Fraxure,incomplete,incomplete,incomplete,incomplete,incomplete,incomplete,no,no,,,no
Haxorus,incomplete,incomplete,incomplete,incomplete,incomplete,incomplete,no,no,,,no
Cubchoo,incomplete,incomplete,incomplete,incomplete,incomplete,incomplete,no,no,,,no
Beartic,incomplete,incomplete,incomplete,incomplete,incomplete,incomplete,no,no,,,no
Cryogonal,incomplete,incomplete,incomplete,incomplete,incomplete,incomplete,no,no,,,no
Shelmet,incomplete,incomplete,incomplete,incomplete,incomplete,incomplete,no,no,,,no
Accelgor,incomplete,incomplete,incomplete,incomplete,incomplete,incomplete,no,no,,,no
Stunfisk,incomplete,incomplete,incomplete,incomplete,incomplete,incomplete,no,no,,,no
Mienfoo,incomplete,incomplete,incomplete,incomplete,incomplete,incomplete,no,no,,,no
Mienshao,incomplete,incomplete,incomplete,incomplete,incomplete,incomplete,no,no,,,no
Druddigon,incomplete,incomplete,incomplete,incomplete,incomplete,incomplete,no,no,,,no
Golett,incomplete,incomplete,incomplete,incomplete,incomplete,incomplete,no,no,,,no
Golurk,incomplete,incomplete,incomplete,incomplete,incomplete,incomplete,no,no,,,no
Pawniard,incomplete,incomplete,incomplete,incomplete,incomplete,incomplete,no,no,,,no
Bisharp,incomplete,incomplete,incomplete,incomplete,incomplete,incomplete,no,no,,,no
Bouffalant,incomplete,incomplete,incomplete,incomplete,incomplete,incomplete,no,no,,,no
Rufflet,incomplete,incomplete,incomplete,incomplete,incomplete,incomplete,no,no,,,no
Braviary,incomplete,incomplete,incomplete,incomplete,incomplete,incomplete,no,no,,,no
Vullaby,incomplete,incomplete,incomplete,incomplete,incomplete,incomplete,no,no,,,no
Mandibuzz,incomplete,incomplete,incomplete,incomplete,incomplete,incomplete,no,no,,,no
Heatmor,incomplete,incomplete,incomplete,incomplete,incomplete,incomplete,no,no,,,no
Durant,incomplete,incomplete,incomplete,incomplete,incomplete,incomplete,no,no,,,no
Deino,incomplete,incomplete,incomplete,incomplete,incomplete,incomplete,no,no,,,no
Zweilous,incomplete,incomplete,incomplete,incomplete,incomplete,incomplete,no,no,,,no
Hydreigon,incomplete,incomplete,incomplete,incomplete,incomplete,incomplete,no,no,,,no
Larvesta,incomplete,incomplete,incomplete,incomplete,incomplete,incomplete,no,no,,,no
Volcarona,incomplete,incomplete,incomplete,incomplete,incomplete,incomplete,no,no,,,no
Cobalion,incomplete,incomplete,incomplete,incomplete,incomplete,incomplete,no,no,,,no
Terrakion,incomplete,incomplete,incomplete,incomplete,incomplete,incomplete,no,no,,,no
Virizion,incomplete,incomplete,incomplete,incomplete,incomplete,incomplete,no,no,,,no
Tornadus,incomplete,incomplete,incomplete,incomplete,incomplete,incomplete,no,no,,,no
Thundurus,incomplete,incomplete,incomplete,incomplete,incomplete,incomplete,no,no,,,no
Reshiram,incomplete,incomplete,incomplete,incomplete,incomplete,incomplete,no,no,,,no
Zekrom,incomplete,incomplete,incomplete,incomplete,incomplete,incomplete,no,no,,,no
Landorus,incomplete,incomplete,incomplete,incomplete,incomplete,incomplete,no,no,,,no
Kyurem,incomplete,incomplete,incomplete,incomplete,incomplete,incomplete,no,no,,,no
Keldeo,incomplete,incomplete,incomplete,incomplete,incomplete,incomplete,no,no,,,no
Meloetta,incomplete,incomplete,incomplete,incomplete,incomplete,incomplete,no,no,,,no
Genesect,incomplete,incomplete,incomplete,incomplete,incomplete,incomplete,no,no,,,no
Chespin,incomplete,incomplete,incomplete,incomplete,incomplete,incomplete,no,no,,,no
Quilladin,incomplete,incomplete,incomplete,incomplete,incomplete,incomplete,no,no,,,no
Chesnaught,incomplete,incomplete,incomplete,incomplete,incomplete,incomplete,no,no,,,no
Fennekin,incomplete,incomplete,incomplete,incomplete,incomplete,incomplete,no,no,,,no
Braixen,incomplete,incomplete,incomplete,incomplete,incomplete,incomplete,no,no,,,no
Delphox,incomplete,incomplete,incomplete,incomplete,incomplete,incomplete,no,no,,,no
Froakie,incomplete,incomplete,incomplete,incomplete,incomplete,incomplete,no,no,,,no
Frogadier,incomplete,incomplete,incomplete,incomplete,incomplete,incomplete,no,no,,,no
Greninja,incomplete,incomplete,incomplete,incomplete,incomplete,incomplete,no,no,,,no
Bunnelby,incomplete,incomplete,incomplete,incomplete,incomplete,incomplete,no,no,,,no
Diggersby,incomplete,incomplete,incomplete,incomplete,incomplete,incomplete,no,no,,,no
Fletchling,incomplete,incomplete,incomplete,incomplete,incomplete,incomplete,no,no,,,no
Fletchinder,incomplete,incomplete,incomplete,incomplete,incomplete,incomplete,no,no,,,no
Talonflame,incomplete,incomplete,incomplete,incomplete,incomplete,incomplete,no,no,,,no
Scatterbug,incomplete,incomplete,incomplete,incomplete,incomplete,incomplete,no,no,,,no
Spewpa,incomplete,incomplete,incomplete,incomplete,incomplete,incomplete,no,no,,,no
Vivillon,incomplete,incomplete,incomplete,incomplete,incomplete,incomplete,no,no,,,no
Litleo,incomplete,incomplete,incomplete,incomplete,incomplete,incomplete,no,no,,,no
Pyroar,incomplete,incomplete,incomplete,incomplete,incomplete,incomplete,no,no,,,no
Flabébé,incomplete,incomplete,incomplete,incomplete,incomplete,incomplete,no,no,,,no
Floette,incomplete,incomplete,incomplete,incomplete,incomplete,incomplete,no,no,,,no
Florges,incomplete,incomplete,incomplete,incomplete,incomplete,incomplete,no,no,,,no
Skiddo,incomplete,incomplete,incomplete,incomplete,incomplete,incomplete,no,no,,,no
Gogoat,incomplete,incomplete,incomplete,incomplete,incomplete,incomplete,no,no,,,no
Pancham,incomplete,incomplete,incomplete,incomplete,incomplete,incomplete,no,no,,,no
Pangoro,incomplete,incomplete,incomplete,incomplete,incomplete,incomplete,no,no,,,no
Furfrou,incomplete,incomplete,incomplete,incomplete,incomplete,incomplete,no,no,,,no
Espurr,incomplete,incomplete,incomplete,incomplete,incomplete,incomplete,no,no,,,no
Meowstic,incomplete,incomplete,incomplete,incomplete,incomplete,incomplete,no,no,,,no
Honedge,incomplete,incomplete,incomplete,incomplete,incomplete,incomplete,no,no,,,no
Doublade,incomplete,incomplete,incomplete,incomplete,incomplete,incomplete,no,no,,,no
Aegislash,incomplete,incomplete,incomplete,incomplete,incomplete,incomplete,no,no,,,no
Spritzee,incomplete,incomplete,incomplete,incomplete,incomplete,incomplete,no,no,,,no
Aromatisse,incomplete,incomplete,incomplete,incomplete,incomplete,incomplete,no,no,,,no
Swirlix,incomplete,incomplete,incomplete,incomplete,incomplete,incomplete,no,no,,,no
Slurpuff,incomplete,incomplete,incomplete,incomplete,incomplete,incomplete,no,no,,,no
Inkay,incomplete,incomplete,incomplete,incomplete,incomplete,incomplete,no,no,,,no
Malamar,incomplete,incomplete,incomplete,incomplete,incomplete,incomplete,no,no,,,no
Binacle,incomplete,incomplete,incomplete,incomplete,incomplete,incomplete,no,no,,,no
Barbaracle,incomplete,incomplete,incomplete,incomplete,incomplete,incomplete,no,no,,,no
Skrelp,incomplete,incomplete,incomplete,incomplete,incomplete,incomplete,no,no,,,no
Dragalge,incomplete,incomplete,incomplete,incomplete,incomplete,incomplete,no,no,,,no
Clauncher,incomplete,incomplete,incomplete,incomplete,incomplete,incomplete,no,no,,,no
Clawitzer,incomplete,incomplete,incomplete,incomplete,incomplete,incomplete,no,no,,,no
Helioptile,incomplete,incomplete,incomplete,incomplete,incomplete,incomplete,no,no,,,no
Heliolisk,incomplete,incomplete,incomplete,incomplete,incomplete,incomplete,no,no,,,no
Tyrunt,incomplete,incomplete,incomplete,incomplete,incomplete,incomplete,no,no,,,no
Tyrantrum,incomplete,incomplete,incomplete,incomplete,incomplete,incomplete,no,no,,,no
Amaura,incomplete,incomplete,incomplete,incomplete,incomplete,incomplete,no,no,,,no
Aurorus,incomplete,incomplete,incomplete,incomplete,incomplete,incomplete,no,no,,,no
Sylveon,incomplete,incomplete,incomplete,incomplete,incomplete,incomplete,no,no,,,no
Hawlucha,incomplete,incomplete,incomplete,incomplete,incomplete,incomplete,no,no,,,no
Dedenne,incomplete,incomplete,incomplete,incomplete,incomplete,incomplete,no,no,,,no
Carbink,incomplete,incomplete,incomplete,incomplete,incomplete,incomplete,no,no,,,no
Goomy,incomplete,incomplete,incomplete,incomplete,incomplete,incomplete,no,no,,,no
Sliggoo,incomplete,incomplete,incomplete,incomplete,incomplete,incomplete,no,no,,,no
Goodra,incomplete,incomplete,incomplete,incomplete,incomplete,incomplete,no,no,,,no
Klefki,incomplete,incomplete,incomplete,incomplete,incomplete,incomplete,no,no,,,no
Phantump,incomplete,incomplete,incomplete,incomplete,incomplete,incomplete,no,no,,,no
Trevenant,incomplete,incomplete,incomplete,incomplete,incomplete,incomplete,no,no,,,no
Pumpkaboo,incomplete,incomplete,incomplete,incomplete,incomplete,incomplete,no,no,,,no
Gourgeist,incomplete,incomplete,incomplete,incomplete,incomplete,incomplete,no,no,,,no
Bergmite,incomplete,incomplete,incomplete,incomplete,incomplete,incomplete,no,no,,,no
Avalugg,incomplete,incomplete,incomplete,incomplete,incomplete,incomplete,no,no,,,no
Noibat,incomplete,incomplete,incomplete,incomplete,incomplete,incomplete,no,no,,,no
Noivern,incomplete,incomplete,incomplete,incomplete,incomplete,incomplete,no,no,,,no
Xerneas,incomplete,incomplete,incomplete,incomplete,incomplete,incomplete,no,no,,,no
Yveltal,incomplete,incomplete,incomplete,incomplete,incomplete,incomplete,no,no,,,no
Zygarde,incomplete,incomplete,incomplete,incomplete,incomplete,incomplete,no,no,,,no
Diancie,incomplete,incomplete,incomplete,incomplete,incomplete,incomplete,no,no,,,no
Hoopa,incomplete,incomplete,incomplete,incomplete,incomplete,incomplete,no,no,,,no
Volcanion,incomplete,incomplete,incomplete,incomplete,incomplete,incomplete,no,no,,,no
