name,type,type,health,attack,attack,evo lvl
bulbasaur,Grass,Poison,45,Overgrow,Chlorophyll,16
ivysaur,Grass,Poison,60,Overgrow,Chlorophyll,32
venusaur,Grass,Poison,80,Overgrow,Chlorophyll,FALSE
charmander,Fire,-----,39,Blaze,Solar Power,16
charmeleon,Fire,-----,58,Blaze,Solar Power,36
charizard,Fire,Flying,78,Blaze,Solar Power,FALSE
squirtle,Water,-----,44,Torrent,Rain Dish,16
wartortle,Water,-----,59,Torrent,Rain Dish,36
blastoise,Water,-----,79,Torrent,Rain Dish,FALSE
caterpie,Bug,-----,45,Shield Dust,Run Away,7
metapod,Bug,-----,50,Shed Skin,-----,10
butterfree,Bug,Flying,60,Compoundeyes,Tinted Lens,FALSE
weedle,Bug,Poison,40,Shield Dust,Run Away,FALSE
kakuna,Bug,Poison,45,Shed Skin,-----,10
beedrill,Bug,Poison,65,Swarm,Sniper,FALSE
pidgey,Normal,Flying,40,Keen Eye,Big Pecks,18
pidgeotto,Normal,Flying,63,Keen Eye,Big Pecks,36
pidgeot,Normal,Flying,83,Keen Eye,Big Pecks,
rattata,Normal,-----,30,Run Away,Hustle,20
raticate,Normal,-----,55,Run Away,Hustle,FALSE
spearow,Normal,Flying,40,Keen Eye,Sniper,20
fearow,Normal,Flying,65,Keen Eye,Sniper,FALSE
ekans,Poison,-----,35,Intimidate,Unnerve,22
arbok,Poison,-----,60,Intimidate,Unnerve,FALSE
pikachu,Electric,-----,35,Static,Lightningrod,FALSE
raichu,Electric,-----,60,Static,Lightningrod,FALSE
sandshrew,Ground,-----,50,Sand Veil,Sand Rush,22
sandslash,Ground,-----,75,Sand Veil,Sand Rush,FALSE
nidoranf,Poison,-----,55,Poison Point,Hustle,16
nidorina,Poison,-----,70,Poison Point,Hustle,FALSE
nidoqueen,Poison,Ground,90,Poison Point,Sheer Force,FALSE
nidoranm,Poison,-----,46,Poison Point,Hustle,16
nidorino,Poison,-----,61,Poison Point,Hustle,FALSE
nidoking,Poison,Ground,81,Poison Point,Sheer Force,
cleffa,Fairy,-----,50,Cute Charm,Friend Guard,FALSE
clefairy,Fairy,-----,70,Cute Charm,Friend Guard,FALSE
clefable,Fairy,-----,95,Cute Charm,Unaware,FALSE
vulpix,Fire,-----,38,Flash Fire,Drought,FALSE
ninetales,Fire,-----,73,Flash Fire,Drought,
igglybuff,Normal,Fairy,90,Cute Charm,Friend Guard,FALSE
jigglypuff,Normal,Fairy,115,Cute Charm,Friend Guard,FALSE
wigglytuff,Normal,Fairy,140,Cute Charm,Frisk,FALSE
zubat,Poison,Flying,40,Inner Focus,Infiltrator,22
golbat,Poison,Flying,75,Inner Focus,Infiltrator,
crobat,Poison,Flying,85,Inner Focus,Infiltrator,FALSE
oddish,Grass,Poison,45,Chlorophyll,Run Away,21
gloom,Grass,Poison,60,Chlorophyll,Stench,FALSE
vileplume,Grass,Poison,75,Chlorophyll,Effect Spore,
bellossom,Grass,-----,75,Chlorophyll,Healer,FALSE
paras,Bug,Grass,35,Effect Spore,Damp,24
parasect,Bug,Grass,60,Effect Spore,Damp,FALSE
venonat,Bug,Poison,60,Compoundeyes,Run Away,31
venomoth,Bug,Poison,70,Shield Dust,Wonder Skin,FALSE
diglett,Ground,-----,10,Sand Veil,Sand Force,26
dugtrio,Ground,-----,35,Sand Veil,Sand Force,FALSE
meowth,Normal,-----,40,Pickup,Unnerve,28
persian,Normal,-----,65,Limber,Unnerve,FALSE
psyduck,Water,-----,50,Damp,Swift Swim,33
golduck,Water,-----,80,Damp,Swift Swim,FALSE
mankey,Fighting,-----,40,Vital Spirit,Defiant,28
primeape,Fighting,-----,65,Vital Spirit,Defiant,FALSE
growlithe,Fire,-----,55,Intimidate,Justified,FALSE
arcanine,Fire,-----,90,Intimidate,Justified,FALSE
poliwag,Water,-----,40,Water Absorb,Swift Swim,25
poliwhirl,Water,-----,65,Water Absorb,Swift Swim,FALSE
poliwrath,Water,Fighting,90,Water Absorb,Swift Swim,
politoed,Water,-----,90,Water Absorb,Drizzle,FALSE
abra,Psychic,-----,25,Synchronize,Magic Guard,16
kadabra,Psychic,-----,40,Synchronize,Magic Guard,FALSE
alakazam,Psychic,-----,55,Synchronize,Magic Guard,FALSE
machop,Fighting,-----,70,Guts,Steadfast,28
machoke,Fighting,-----,80,Guts,Steadfast,FALSE
machamp,Fighting,-----,90,Guts,Steadfast,FALSE
bellsprout,Grass,Poison,50,Chlorophyll,Gluttony,21
weepinbell,Grass,Poison,65,Chlorophyll,Gluttony,FALSE
victreebel,Grass,Poison,80,Chlorophyll,Gluttony,FALSE
tentacool,Water,Poison,40,Clear Body,Rain Dish,30
tentacruel,Water,Poison,80,Clear Body,Rain Dish,FALSE
geodude,Rock,Ground,40,Rock Head,Sand Veil,25
graveler,Rock,Ground,55,Rock Head,Sand Veil,FALSE
golem,Rock,Ground,80,Rock Head,Sand Veil,FALSE
ponyta,Fire,-----,50,Run Away,Flame Body,40
rapidash,Fire,-----,65,Run Away,Flame Body,FALSE
slowpoke,Water,Psychic,90,Oblivious,Regenerator,37
slowbro,Water,Psychic,95,Oblivious,Regenerator,
slowking,Water,Psychic,95,Oblivious,Regenerator,FALSE
magnemite,Electric,Steel,25,Magnet Pull,Analytic,30
magneton,Electric,Steel,50,Magnet Pull,Analytic,
magnezone,Electric,Steel,70,Magnet Pull,Analytic,FALSE
farfetch'd,Normal,Flying,52,Keen Eye,Defiant,FALSE
doduo,Normal,Flying,35,Run Away,Tangled Feet,31
dodrio,Normal,Flying,60,Run Away,Tangled Feet,
seel,Water,-----,65,Thick Fat,Ice Body,34
dewgong,Water,Ice,90,Thick Fat,Ice Body,FALSE
grimer,Poison,-----,80,Stench,Poison Touch,38
muk,Poison,-----,105,Stench,Poison Touch,FALSE
shellder,Water,-----,30,Shell Armor,Overcoat,FALSE
cloyster,Water,Ice,50,Shell Armor,Overcoat,FALSE
gastly,Ghost,Poison,30,Levitate,-----,25
haunter,Ghost,Poison,45,Levitate,-----,FALSE
gengar,Ghost,Poison,60,Levitate,-----,FALSE
onix,Rock,Ground,35,Rock Head,Weak Armor,
steelix,Steel,Ground,75,Rock Head,Sheer Force,FALSE
drowzee,Psychic,-----,60,Insomnia,Inner Focus,26
hypno,Psychic,-----,85,Insomnia,Inner Focus,FALSE
krabby,Water,-----,30,Hyper Cutter,Sheer Force,28
kingler,Water,-----,55,Hyper Cutter,Sheer Force,
voltorb,Electric,-----,40,Soundproof,Aftermath,30
electrode,Electric,-----,60,Soundproof,Aftermath,FALSE
exeggcute,Grass,Psychic,60,Chlorophyll,Harvest,FALSE
exeggutor,Grass,Psychic,95,Chlorophyll,Harvest,FALSE
cubone,Ground,-----,50,Rock Head,Battle Armor,28
marowak,Ground,-----,60,Rock Head,Battle Armor,
tyrogue,Fighting,-----,35,Guts,Vital Spirit,20
hitmonlee,Fighting,-----,50,Limber,Unburden,20
hitmonchan,Fighting,-----,50,Keen Eye,Inner Focus,
hitmontop,Fighting,-----,50,Intimidate,Steadfast,FALSE
lickitung,Normal,-----,90,Own Tempo,Cloud Nine,
lickilicky,Normal,-----,110,Own Tempo,Cloud Nine,FALSE
koffing,Poison,-----,40,Levitate,-----,35
weezing,Poison,-----,65,Levitate,-----,FALSE
rhyhorn,Ground,Rock,80,Lightningrod,Reckless,42
rhydon,Ground,Rock,105,Lightningrod,Reckless,
rhyperior,Ground,Rock,115,Lightningrod,Reckless,
happiny,Normal,-----,100,Natural Cure,Friend Guard,FALSE
chansey,Normal,-----,250,Natural Cure,Healer,
blissey,Normal,-----,255,Natural Cure,Healer,FALSE
tangela,Grass,-----,65,Chlorophyll,Regenerator,
tangrowth,Grass,-----,100,Chlorophyll,Regenerator,FALSE
kangaskhan,Normal,-----,105,Early Bird,Inner Focus,FALSE
horsea,Water,-----,30,Swift Swim,Damp,32
seadra,Water,-----,55,Poison Point,Damp,
kingdra,Water,Dragon,75,Swift Swim,Damp,FALSE
goldeen,Water,-----,45,Swift Swim,Lightningrod,33
seaking,Water,-----,80,Swift Swim,Lightningrod,FALSE
staryu,Water,-----,30,Illuminate,Analytic,FALSE
starmie,Water,Psychic,60,Illuminate,Analytic,
mimejr,Psychic,Fairy,20,Soundproof,Technician,FALSE
mrmime,Psychic,Fairy,40,Soundproof,Technician,FALSE
scyther,Bug,Flying,70,Swarm,Steadfast,
scizor,Bug,Steel,70,Swarm,Light Metal,
smoochum,Ice,Psychic,45,Oblivious,Hydration,FALSE
jynx,Ice,Psychic,65,Oblivious,Dry Skin,FALSE
elekid,Electric,-----,45,Static,Vital Spirit,
electabuzz,Electric,-----,65,Static,Vital Spirit,
electivire,Electric,-----,75,Motor Drive,Vital Spirit,FALSE
magby,Fire,-----,45,Flame Body,Vital Spirit,
magmar,Fire,-----,65,Flame Body,Vital Spirit,FALSE
magmortar,Fire,-----,75,Flame Body,Vital Spirit,FALSE
pinsir,Bug,-----,65,Hyper Cutter,Moxie,FALSE
tauros,Normal,-----,75,Intimidate,Sheer Force,FALSE
magikarp,Water,-----,20,Swift Swim,Rattled,FALSE
gyarados,Water,Flying,95,Intimidate,Moxie,FALSE
lapras,Water,Ice,130,Water Absorb,Hydration,FALSE
ditto,Normal,-----,48,Limber,Imposter,FALSE
eevee,Normal,-----,55,Run Away,Anticipation,FALSE
vaporeon,Water,-----,130,Water Absorb,Hydration,FALSE
jolteon,Electric,-----,65,Volt Absorb,Quick Feet,FALSE
flareon,Fire,-----,65,Flash Fire,Guts,FALSE
espeon,Psychic,-----,65,Synchronize,Magic Bounce,FALSE
umbreon,Dark,-----,95,Synchronize,Inner Focus,FALSE
leafeon,Grass,-----,65,Leaf Guard,Chlorophyll,FALSE
glaceon,Ice,-----,65,Snow Cloak,Ice Body,FALSE
sylveon,Fairy,-----,95,Cute Charm,Pixilate,FALSE
porygon,Normal,-----,65,Trace,Analytic,FALSE
porygon2,Normal,-----,85,Trace,Analytic,FALSE
porygon-z,Normal,-----,85,Adaptability,Analytic,FALSE
omanyte,Rock,Water,35,Swift Swim,Weak Armor,FALSE
omastar,Rock,Water,70,Swift Swim,Weak Armor,FALSE
kabuto,Rock,Water,30,Swift Swim,Weak Armor,FALSE
kabutops,Rock,Water,60,Swift Swim,Weak Armor,FALSE
aerodactyl,Rock,Flying,80,Rock Head,Unnerve,FALSE
munchlax,Normal,-----,135,Pickup,Gluttony,FALSE
snorlax,Normal,-----,160,Immunity,Gluttony,FALSE
articuno,Ice,Flying,90,Pressure,Snow Cloak,FALSE
zapdos,Electric,Flying,90,Pressure,Static,FALSE
moltres,Fire,Flying,90,Pressure,Flame Body,FALSE
dratini,Dragon,-----,41,Shed Skin,Marvel Scale,
dragonair,Dragon,-----,61,Shed Skin,Marvel Scale,
dragonite,Dragon,Flying,91,Inner Focus,Multiscale,
mewtwo,Psychic,-----,106,Pressure,Unnerve,
mew,Psychic,-----,100,Synchronize,-----,
chikorita,Grass,-----,45,Overgrow,Leaf Guard,
bayleef,Grass,-----,60,Overgrow,Leaf Guard,
meganium,Grass,-----,80,Overgrow,Leaf Guard,
cyndaquil,Fire,-----,39,Blaze,Flash Fire,
quilava,Fire,-----,58,Blaze,Flash Fire,
typhlosion,Fire,-----,78,Blaze,Flash Fire,
totodile,Water,-----,50,Torrent,Sheer Force,
croconaw,Water,-----,65,Torrent,Sheer Force,
feraligatr,Water,-----,85,Torrent,Sheer Force,
sentret,Normal,-----,35,Run Away,Frisk,
furret,Normal,-----,85,Run Away,Frisk,
hoothoot,Normal,Flying,60,Insomnia,Tinted Lens,
noctowl,Normal,Flying,100,Insomnia,Tinted Lens,
ledyba,Bug,Flying,40,Swarm,Rattled,
ledian,Bug,Flying,55,Swarm,Iron Fist,
spinarak,Bug,Poison,40,Swarm,Sniper,
ariados,Bug,Poison,70,Swarm,Sniper,
chinchou,Water,Electric,75,Volt Absorb,Water Absorb,
lanturn,Water,Electric,125,Volt Absorb,Water Absorb,
togepi,Fairy,-----,35,Hustle,Super Luck,
togetic,Fairy,Flying,55,Hustle,Super Luck,
togekiss,Fairy,Flying,85,Hustle,Super Luck,
natu,Psychic,Flying,40,Synchronize,Magic Bounce,
xatu,Psychic,Flying,65,Synchronize,Magic Bounce,
mareep,Electric,-----,55,Static,Plus,
flaaffy,Electric,-----,70,Static,Plus,
ampharos,Electric,Dragon,90,Mold Breaker,-----,
azurill,Normal,Fairy,50,Thick Fat,Sap Sipper,
marill,Water,Fairy,70,Thick Fat,Sap Sipper,
azumarill,Water,Fairy,100,Thick Fat,Sap Sipper,
bonsly,Rock,-----,50,Sturdy,Rattled,
sudowoodo,Rock,-----,70,Sturdy,Rattled,
hoppip,Grass,Flying,35,Chlorophyll,Infiltrator,
skiploom,Grass,Flying,55,Chlorophyll,Infiltrator,
jumpluff,Grass,Flying,75,Chlorophyll,Infiltrator,
aipom,Normal,-----,55,Run Away,Skill Link,
ambipom,Normal,-----,75,Technician,Skill Link,
sunkern,Grass,-----,30,Chlorophyll,Early Bird,
sunflora,Grass,-----,75,Chlorophyll,Early Bird,
yanma,Bug,Flying,65,Speed Boost,Frisk,
yanmega,Bug,Flying,86,Speed Boost,Frisk,
wooper,Water,Ground,55,Damp,Unaware,
quagsire,Water,Ground,95,Damp,Unaware,
murkrow,Dark,Flying,60,Insomnia,Prankster,
honchkrow,Dark,Flying,100,Insomnia,Moxie,
misdreavus,Ghost,-----,60,Levitate,-----,
mismagius,Ghost,-----,60,Levitate,-----,
unown,Psychic,-----,48,Levitate,-----,
wynaut,Psychic,-----,95,Shadow Tag,Telepathy,
wobbuffet,Psychic,-----,190,Shadow Tag,Telepathy,
girafarig,Normal,Psychic,70,Inner Focus,Sap Sipper,
pineco,Bug,-----,50,Sturdy,Overcoat,
forretress,Bug,Steel,75,Sturdy,Overcoat,
dunsparce,Normal,-----,100,Serene Grace,Rattled,
gligar,Ground,Flying,65,Hyper Cutter,Immunity,
gliscor,Ground,Flying,75,Hyper Cutter,Poison Heal,
snubbull,Fairy,-----,60,Intimidate,Rattled,
granbull,Fairy,-----,90,Intimidate,Rattled,
qwilfish,Water,Poison,65,Poison Point,Intimidate,
shuckle,Bug,Rock,20,Sturdy,Contrary,
heracross,Bug,Fighting,80,Swarm,Moxie,
sneasel,Dark,Ice,55,Inner Focus,Pickpocket,
weavile,Dark,Ice,70,Pressure,Pickpocket,
teddiursa,Normal,-----,60,Pickup,Honey Gather,
ursaring,Normal,-----,90,Guts,Unnerve,
slugma,Fire,-----,40,Magma Armor,Weak Armor,
magcargo,Fire,Rock,50,Magma Armor,Weak Armor,
swinub,Ice,Ground,50,Oblivious,Thick Fat,
piloswine,Ice,Ground,100,Oblivious,Thick Fat,
mamoswine,Ice,Ground,110,Oblivious,Thick Fat,
corsola,Water,Rock,55,Hustle,Regenerator,
remoraid,Water,-----,35,Hustle,Moody,
octillery,Water,-----,75,Suction Cups,Moody,
delibird,Ice,Flying,45,Vital Spirit,Insomnia,
mantyke,Water,Flying,45,Swift Swim,Water Veil,
skarmory,Steel,Flying,65,Keen Eye,Weak Armor,
houndour,Dark,Fire,45,Early Bird,Unnerve,
houndoom,Dark,Fire,75,Solar Power,-----,
phanpy,Ground,-----,90,Pickup,Sand Veil,
donphan,Ground,-----,90,Sturdy,Sand Veil,
stantler,Normal,-----,73,Intimidate,Sap Sipper,
smeargle,Normal,-----,55,Own Tempo,Moody,
miltank,Normal,-----,95,Thick Fat,Sap Sipper,
raikou,Electric,-----,90,Pressure,Volt Absorb,
entei,Fire,-----,115,Pressure,Flash Fire,
suicune,Water,-----,100,Pressure,Water Absorb,
larvitar,Rock,Ground,50,Guts,Sand Veil,
pupitar,Rock,Ground,70,Shed Skin,-----,
tyranitar,Rock,Dark,100,Sand Stream,Unnerve,
lugia,Psychic,Flying,106,Pressure,Multiscale,
ho-oh,Fire,Flying,106,Pressure,Regenerator,
celebi,Psychic,Grass,100,Natural Cure,-----,
treecko,Grass,-----,40,Overgrow,Unburden,
grovyle,Grass,-----,50,Overgrow,Unburden,
sceptile,Grass,Dragon,70,Lightningrod,-----,
torchic,Fire,-----,45,Blaze,Speed Boost,
combusken,Fire,Fighting,60,Blaze,Speed Boost,
blaziken,Fire,Fighting,80,Blaze,Speed Boost,
mudkip,Water,-----,50,Torrent,Damp,
marshtomp,Water,Ground,70,Torrent,Damp,
swampert,Water,Ground,100,Torrent,Damp,
poochyena,Dark,-----,35,Run Away,Rattled,
mightyena,Dark,-----,70,Intimidate,Moxie,
zigzagoon,Normal,-----,38,Pickup,Quick Feet,
linoone,Normal,-----,78,Pickup,Quick Feet,
wurmple,Bug,-----,45,Shield Dust,Run Away,
silcoon,Bug,-----,50,Shed Skin,-----,
beautifly,Bug,Flying,60,Swarm,Rivalry,
cascoon,Bug,-----,50,Shed Skin,-----,
dustox,Bug,Poison,60,Shield Dust,Compoundeyes,
lotad,Water,Grass,40,Swift Swim,Own Tempo,
lombre,Water,Grass,60,Swift Swim,Own Tempo,
ludicolo,Water,Grass,80,Swift Swim,Own Tempo,
seedot,Grass,-----,40,Chlorophyll,Pickpocket,
nuzleaf,Grass,Dark,70,Chlorophyll,Pickpocket,
shiftry,Grass,Dark,90,Chlorophyll,Pickpocket,
taillow,Normal,Flying,40,Guts,Scrappy,
swellow,Normal,Flying,60,Guts,Scrappy,
wingull,Water,Flying,40,Keen Eye,Rain Dish,
pelipper,Water,Flying,60,Keen Eye,Rain Dish,
ralts,Psychic,Fairy,28,Synchronize,Telepathy,
kirlia,Psychic,Fairy,38,Synchronize,Telepathy,
gardevoir,Psychic,Fairy,68,Synchronize,Telepathy,
gallade,Psychic,Fighting,68,Steadfast,Justified,
surskit,Bug,Water,40,Swift Swim,Rain Dish,
masquerain,Bug,Flying,70,Intimidate,Unnerve,
shroomish,Grass,-----,60,Effect Spore,Quick Feet,
breloom,Grass,Fighting,60,Effect Spore,Technician,
slakoth,Normal,-----,60,Truant,-----,
vigoroth,Normal,-----,80,Vital Spirit,-----,
slaking,Normal,-----,150,Truant,-----,
nincada,Bug,Ground,31,Compoundeyes,Run Away,
ninjask,Bug,Flying,61,Speed Boost,Infiltrator,
shedinja,Bug,Ghost,1,Wonder Guard,-----,
whismur,Normal,-----,64,Soundproof,Rattled,
loudred,Normal,-----,84,Soundproof,Scrappy,
exploud,Normal,-----,104,Soundproof,Scrappy,
makuhita,Fighting,-----,72,Thick Fat,Sheer Force,
hariyama,Fighting,-----,144,Thick Fat,Sheer Force,
nosepass,Rock,-----,30,Sturdy,Sand Force,
probopass,Rock,Steel,60,Sturdy,Sand Force,
skitty,Normal,-----,50,Cute Charm,Wonder Skin,
delcatty,Normal,-----,70,Cute Charm,Wonder Skin,
sableye,Dark,Ghost,50,Keen Eye,Prankster,
mawile,Steel,Fairy,50,Hyper Cutter,Sheer Force,
aron,Steel,Rock,50,Sturdy,Heavy Metal,
lairon,Steel,Rock,60,Sturdy,Heavy Metal,
aggron,Steel,Rock,70,Sturdy,Heavy Metal,
meditite,Fighting,Psychic,30,Pure Power,Telepathy,
medicham,Fighting,Psychic,60,Pure Power,Telepathy,
electrike,Electric,-----,40,Static,Minus,
manectric,Electric,-----,70,Static,Minus,
plusle,Electric,-----,60,Plus,Lightningrod,
minun,Electric,-----,60,Minus,Volt Absorb,
volbeat,Bug,-----,65,Illuminate,Prankster,
illumise,Bug,-----,65,Oblivious,Prankster,
budew,Grass,Poison,40,Natural Cure,Leaf Guard,
roselia,Grass,Poison,50,Natural Cure,Leaf Guard,
roserade,Grass,Poison,60,Natural Cure,Technician,
gulpin,Poison,-----,70,Liquid Ooze,Gluttony,
swalot,Poison,-----,100,Liquid Ooze,Gluttony,
carvanha,Water,Dark,45,Rough Skin,Speed Boost,
sharpedo,Water,Dark,70,Rough Skin,Speed Boost,
wailord,Water,-----,170,Water Veil,Pressure,
numel,Fire,Ground,60,Oblivious,Own Tempo,
camerupt,Fire,Ground,70,Magma Armor,Anger Point,
torkoal,Fire,-----,70,White Smoke,Shell Armor,
spoink,Psychic,-----,60,Thick Fat,Gluttony,
grumpig,Psychic,-----,80,Thick Fat,Gluttony,
spinda,Normal,-----,60,Own Tempo,Contrary,
trapinch,Ground,-----,45,Hyper Cutter,Sheer Force,
vibrava,Ground,Dragon,50,Levitate,-----,
flygon,Ground,Dragon,80,Levitate,-----,
cacnea,Grass,-----,50,Sand Veil,Water Absorb,
cacturne,Grass,Dark,70,Sand Veil,Water Absorb,
swablu,Normal,Flying,45,Natural Cure,Cloud Nine,
altaria,Dragon,Flying,75,Natural Cure,Cloud Nine,
zangoose,Normal,-----,73,Immunity,Toxic Boost,
seviper,Poison,-----,73,Shed Skin,Infiltrator,
lunatone,Rock,Psychic,70,Levitate,-----,
solrock,Rock,Psychic,70,Levitate,-----,
barboach,Water,Ground,50,Oblivious,Hydration,
whiscash,Water,Ground,110,Oblivious,Hydration,
corphish,Water,-----,43,Hyper Cutter,Adaptability,
crawdaunt,Water,Dark,63,Hyper Cutter,Adaptability,
baltoy,Ground,Psychic,40,Levitate,-----,
claydol,Ground,Psychic,60,Levitate,-----,
lileep,Rock,Grass,66,Suction Cups,Storm Drain,
cradily,Rock,Grass,86,Suction Cups,Storm Drain,
anorith,Rock,Bug,45,Battle Armor,Swift Swim,
armaldo,Rock,Bug,75,Battle Armor,Swift Swim,
feebas,Water,-----,20,Swift Swim,Adaptability,
milotic,Water,-----,95,Marvel Scale,Cute Charm,
castform,Normal,-----,70,Forecast,-----,
kecleon,Normal,-----,60,Color Change,Protean,
shuppet,Ghost,-----,44,Insomnia,Cursed Body,
banette,Ghost,-----,64,Insomnia,Cursed Body,
duskull,Ghost,-----,20,Levitate,Frisk,
dusclops,Ghost,-----,40,Pressure,Frisk,
dusknoir,Ghost,-----,45,Pressure,Frisk,
tropius,Grass,Flying,99,Chlorophyll,Harvest,
chingling,Psychic,-----,45,Levitate,-----,
chimecho,Psychic,-----,65,Levitate,-----,
absol,Dark,-----,65,Pressure,Justified,
snorunt,Ice,-----,50,Inner Focus,Moody,
glalie,Ice,-----,80,Refrigerate,-----,
froslass,Ice,Ghost,70,Snow Cloak,Cursed Body,
spheal,Ice,Water,70,Thick Fat,Oblivious,
sealeo,Ice,Water,90,Thick Fat,Oblivious,
walrein,Ice,Water,110,Thick Fat,Oblivious,
clamperl,Water,-----,35,Shell Armor,Rattled,
huntail,Water,-----,55,Swift Swim,Water Veil,
gorebyss,Water,-----,55,Swift Swim,Hydration,
relicanth,Water,Rock,100,Swift Swim,Sturdy,
luvdisc,Water,-----,43,Swift Swim,Hydration,
bagon,Dragon,-----,45,Rock Head,Sheer Force,
shelgon,Dragon,-----,65,Rock Head,Overcoat,
salamence,Dragon,Flying,95,Aerilate,-----,
beldum,Steel,Psychic,40,Clear Body,Light Metal,
metang,Steel,Psychic,60,Clear Body,Light Metal,
metagross,Steel,Psychic,80,Clear Body,Light Metal,
regirock,Rock,-----,80,Clear Body,Sturdy,
regice,Ice,-----,80,Clear Body,Ice Body,
registeel,Steel,-----,80,Clear Body,Light Metal,
latias,Dragon,Psychic,80,Levitate,-----,
latios,Dragon,Psychic,80,Levitate,-----,
kyogre,Water,-----,100,Primordial Sea,-----,
groudon,Ground,Fire,100,Desolate Land,-----,
rayquaza,Dragon,Flying,105,Delta Stream,-----,
jirachi,Steel,Psychic,100,Serene Grace,-----,
deoxys,Psychic,-----,50,Pressure,----,
turtwig,Grass,-----,55,Overgrow,Shell Armor,
grotle,Grass,-----,75,Overgrow,Shell Armor,
torterra,Grass,Ground,95,Overgrow,Shell Armor,
chimchar,Fire,-----,44,Blaze,Iron Fist,
monferno,Fire,Fighting,64,Blaze,Iron Fist,
infernape,Fire,Fighting,76,Blaze,Iron Fist,
piplup,Water,-----,53,Torrent,Defiant,
prinplup,Water,-----,64,Torrent,Defiant,
empoleon,Water,Steel,84,Torrent,Defiant,
starly,Normal,Flying,40,Keen Eye,Reckless,
staravia,Normal,Flying,55,Intimidate,Reckless,
staraptor,Normal,Flying,85,Intimidate,Reckless,
bidoof,Normal,-----,59,Simple,Moody,
bibarel,Normal,Water,79,Simple,Moody,
kricketot,Bug,-----,37,Shed Skin,Run Away,
kricketune,Bug,-----,77,Swarm,Technician,
shinx,Electric,-----,45,Rivalry,Guts,
luxio,Electric,-----,60,Rivalry,Guts,
luxray,Electric,-----,80,Rivalry,Guts,
cranidos,Rock,-----,67,Mold Breaker,Sheer Force,
rampardos,Rock,-----,97,Mold Breaker,Sheer Force,
shieldon,Rock,Steel,30,Sturdy,Soundproof,
bastiodon,Rock,Steel,60,Sturdy,Soundproof,
burmy,Bug,-----,40,Shed Skin,Overcoat,
wormadam,Bug,Grass,60,Anticipation,Overcoat,
mothim,Bug,Flying,70,Swarm,Tinted Lens,
combee,Bug,Flying,30,Honey Gather,Hustle,
vespiquen,Bug,Flying,70,Pressure,Unnerve,
pachirisu,Electric,-----,60,Run Away,Volt Absorb,
buizel,Water,-----,55,Swift Swim,Water Veil,
floatzel,Water,-----,85,Swift Swim,Water Veil,
cherubi,Grass,-----,45,Chlorophyll,-----,
cherrim,Grass,-----,70,Flower Gift,-----,
shellos,Water,-----,76,Sticky Hold,Sand Force,
gastrodon,Water,Ground,111,Sticky Hold,Sand Force,
drifloon,Ghost,Flying,90,Aftermath,Flare Boost,
drifblim,Ghost,Flying,150,Aftermath,Flare Boost,
buneary,Normal,-----,55,Run Away,Limber,
lopunny,Normal,Fighting,65,Scrappy,-----,
glameow,Normal,-----,49,Limber,Keen Eye,
purugly,Normal,-----,71,Thick Fat,Defiant,
stunky,Poison,Dark,63,Stench,Keen Eye,
skuntank,Poison,Dark,103,Stench,Keen Eye,
bronzor,Steel,Psychic,57,Levitate,Heavy Metal,
bronzong,Steel,Psychic,67,Levitate,Heavy Metal,
chatot,Normal,Flying,76,Keen Eye,Big Pecks,
spiritomb,Ghost,Dark,50,Pressure,Infiltrator,
gible,Dragon,Ground,58,Sand Veil,Rough Skin,
gabite,Dragon,Ground,68,Sand Veil,Rough Skin,
garchomp,Dragon,Ground,108,Sand Veil,Rough Skin,
riolu,Fighting,-----,40,Steadfast,Prankster,
lucario,Fighting,Steel,70,Steadfast,Justified,
hippopotas,Ground,-----,68,Sandstream,Sand Force,
hippowdon,Ground,-----,108,Sandstream,Sand Force,
skorupi,Poison,Bug,40,Battle Armor,Keen Eye,
drapion,Poison,Dark,70,Battle Armor,Keen Eye,
croagunk,Poison,Fighting,48,Anticipation,Poison Touch,
toxicroak,Poison,Fighting,83,Anticipation,Poison Touch,
carnivine,Grass,-----,74,Levitate,-----,
finneon,Water,-----,49,Swift Swim,Water Veil,
lumineon,Water,-----,69,Swift Swim,Water Veil,
snover,Grass,Ice,60,Snow Warning,Soundproof,
abomasnow,Grass,Ice,90,Snow Warning,Soundproof,
rotom,Electric,Ghost,50,Levitate,-----,
uxie,Psychic,-----,75,Levitate,-----,
mesprit,Psychic,-----,80,Levitate,-----,
azelf,Psychic,-----,75,Levitate,-----,
dialga,Steel,Dragon,100,Pressure,Telepathy,
palkia,Water,Dragon,90,Pressure,Telepathy,
heatran,Fire,Steel,91,Flash Fire,Flame Body,
regigigas,Normal,-----,110,Slow Start,-----,
giratina,Ghost,Dragon,150,Pressure,Telepathy,
cresselia,Psychic,-----,120,Levitate,-----,
phione,Water,-----,80,Hydration,-----,
manaphy,Water,-----,100,Hydration,-----,
darkrai,Dark,-----,70,Bad Dreams,-----,
shaymin,Grass,-----,100,Natural Cure,Serene Grace,
arceus,Normal,-----,120,Multitype,-----,
victini,Psychic,Fire,100,Victory Star,-----,
snivy,Grass,-----,45,Overgrow,Contrary,
servine,Grass,-----,60,Overgrow,Contrary,
serperior,Grass,-----,75,Overgrow,Contrary,
tepig,Fire,-----,65,Blaze,Thick Fat,
pignite,Fire,Fighting,90,Blaze,Thick Fat,
emboar,Fire,Fighting,110,Blaze,Reckless,
oshawott,Water,-----,55,Torrent,Shell Armor,
dewott,Water,-----,75,Torrent,Shell Armor,
samurott,Water,-----,95,Torrent,Shell Armor,
patrat,Normal,-----,45,Run Away,Analytic,
watchog,Normal,-----,60,Illuminate,Analytic,
lillipup,Normal,-----,45,Vital Spirit,Run Away,
herdier,Normal,-----,65,Intimidate,Scrappy,
stoutland,Normal,-----,85,Intimidate,Scrappy,
purrloin,Dark,-----,41,Limber,Prankster,
liepard,Dark,-----,64,Limber,Prankster,
pansage,Grass,-----,50,Gluttony,Overgrow,
simisage,Grass,-----,75,Gluttony,Overgrow,
pansear,Fire,-----,50,Gluttony,Blaze,
simisear,Fire,-----,75,Gluttony,Blaze,
panpour,Water,-----,50,Gluttony,Torrent,
simipour,Water,-----,75,Gluttony,Torrent,
munna,Psychic,-----,76,Forewarn,Telepathy,
musharna,Psychic,-----,116,Forewarn,Telepathy,
pidove,Normal,Flying,50,Big Pecks,Rivalry,
tranquill,Normal,Flying,62,Big Pecks,Rivalry,
unfezant,Normal,Flying,80,Big Pecks,Rivalry,
blitzle,Electric,-----,45,Lightningrod,Sap Sipper,
zebstrika,Electric,-----,75,Lightningrod,Sap Sipper,
roggenrola,Rock,-----,55,Sturdy,Sand Force,
boldore,Rock,-----,70,Sturdy,Sand Force,
gigalith,Rock,-----,85,Sturdy,Sand Force,
woobat,Psychic,Flying,55,Unaware,Simple,
swoobat,Psychic,Flying,67,Unaware,Simple,
drilbur,Ground,-----,60,Sand Rush,Mold Breaker,
excadrill,Ground,Steel,110,Sand Rush,Mold Breaker,
audino,Normal,-----,103,Healer,Klutz,
timburr,Fighting,-----,75,Guts,Iron Fist,
gurdurr,Fighting,-----,85,Guts,Iron Fist,
conkeldurr,Fighting,-----,105,Guts,Iron Fist,
tympole,Water,-----,50,Swift Swim,Water Absorb,
palpitoad,Water,Ground,75,Swift Swim,Water Absorb,
seismitoad,Water,Ground,105,Swift Swim,Water Absorb,
throh,Fighting,-----,120,Guts,Mold Breaker,
sawk,Fighting,-----,75,Sturdy,Mold Breaker,
sewaddle,Bug,Grass,45,Swarm,Overcoat,
swadloon,Bug,Grass,55,Leaf Guard,Overcoat,
leavanny,Bug,Grass,75,Swarm,Overcoat,
venipede,Bug,Poison,30,Poison Point,Speed Boost,
whirlipede,Bug,Poison,40,Poison Point,Speed Boost,
scolipede,Bug,Poison,60,Poison Point,Speed Boost,
cottonee,Grass,Fairy,40,Prankster,Chlorophyll,
whimsicott,Grass,Fairy,60,Prankster,Chlorophyll,
petilil,Grass,-----,45,Chlorophyll,Leaf Guard,
lilligant,Grass,-----,70,Chlorophyll,Leaf Guard,
basculin,Water,-----,70,Reckless,Mold Breaker,
sandile,Ground,Dark,50,Intimidate,Anger Point,
krokorok,Ground,Dark,60,Intimidate,Anger Point,
krookodile,Ground,Dark,95,Intimidate,Anger Point,
darumaka,Fire,-----,70,Hustle,Inner Focus,
darmanitan,Fire,-----,105,Sheer Force,Zen Mode,
maractus,Grass,-----,75,Water Absorb,Storm Drain,
dwebble,Bug,Rock,50,Sturdy,Weak Armor,
crustle,Bug,Rock,70,Sturdy,Weak Armor,
scraggy,Dark,Fighting,50,Shed Skin,Intimidate,
scrafty,Dark,Fighting,65,Shed Skin,Intimidate,
sigilyph,Psychic,Flying,72,Wonder Skin,Tinted Lens,
yamask,Ghost,-----,38,Mummy,-----,
cofagrigus,Ghost,-----,58,Mummy,-----,
tirtouga,Water,Rock,54,Solid Rock,Swift Swim,
carracosta,Water,Rock,74,Solid Rock,Swift Swim,
archen,Rock,Flying,55,Defeatist,-----,
archeops,Rock,Flying,75,Defeatist,-----,
trubbish,Poison,-----,50,Stench,Aftermath,
garbodor,Poison,-----,80,Stench,Aftermath,
zorua,Dark,-----,40,Illusion,-----,
zoroark,Dark,-----,60,Illusion,-----,
minccino,Normal,-----,55,Cute Charm,Skill Link,
cinccino,Normal,-----,75,Cute Charm,Skill Link,
gothita,Psychic,-----,45,Frisk,Shadow Tag,
gothorita,Psychic,-----,60,Frisk,Shadow Tag,
gothitelle,Psychic,-----,70,Frisk,Shadow Tag,
solosis,Psychic,-----,45,Overcoat,Regenerator,
duosion,Psychic,-----,65,Overcoat,Regenerator,
reuniclus,Psychic,-----,110,Overcoat,Regenerator,
ducklett,Water,Flying,62,Keen Eye,Hydration,
swanna,Water,Flying,75,Keen Eye,Hydration,
vanillite,Ice,-----,36,Ice Body,Weak Armor,
vanillish,Ice,-----,51,Ice Body,Weak Armor,
vanilluxe,Ice,-----,71,Ice Body,Weak Armor,
deerling,Normal,Grass,60,Chlorophyll,Serene Grace,
sawsbuck,Normal,Grass,80,Chlorophyll,Serene Grace,
emolga,Electric,Flying,55,Static,Motor Drive,
karrablast,Bug,-----,50,Swarm,No Guard,
escavalier,Bug,Steel,70,Swarm,Overcoat,
foongus,Grass,Poison,69,Effect Spore,Regenerator,
amoonguss,Grass,Poison,114,Effect Spore,Regenerator,
frillish,Water,Ghost,55,Water Absorb,Damp,
jellicent,Water,Ghost,100,Water Absorb,Damp,
alomomola,Water,-----,165,Healer,Regenerator,
joltik,Bug,Electric,50,Compoundeyes,Swarm,
galvantula,Bug,Electric,70,Compoundeyes,Swarm,
ferroseed,Grass,Steel,44,Iron Barbs,-----,
ferrothorn,Grass,Steel,74,Iron Barbs,Anticipation,
klink,Steel,-----,40,Plus,Clear Body,
klang,Steel,-----,60,Plus,Clear Body,
klinklang,Steel,-----,60,Plus,Clear Body,
tynamo,Electric,-----,35,Levitate,-----,
eelektrik,Electric,-----,65,Levitate,-----,
eelektross,Electric,-----,85,Levitate,-----,
elgyem,Psychic,-----,55,Telepathy,Analytic,
beheeyem,Psychic,-----,75,Telepathy,Analytic,
litwick,Ghost,Fire,50,Flash Fire,Infiltrator,
lampent,Ghost,Fire,60,Flash Fire,Infiltrator,
chandelure,Ghost,Fire,60,Flash Fire,Infiltrator,
axew,Dragon,-----,46,Rivalry,Unnerve,
fraxure,Dragon,-----,66,Rivalry,Unnerve,
haxorus,Dragon,-----,76,Rivalry,Unnerve,
cubchoo,Ice,-----,55,Snow Cloak,Rattled,
beartic,Ice,-----,95,Snow Cloak,Swift Swim,
cryogonal,Ice,-----,70,Levitate,-----,
shelmet,Bug,-----,50,Hydration,Overcoat,
accelgor,Bug,-----,80,Hydration,Unburden,
stunfisk,Ground,Electric,109,Static,Sand Veil,
mienfoo,Fighting,-----,45,Inner Focus,Reckless,
mienshao,Fighting,-----,65,Inner Focus,Reckless,
druddigon,Dragon,-----,77,Rough Skin,Mold Breaker,
golett,Ground,Ghost,59,Iron Fist,No Guard,
golurk,Ground,Ghost,89,Iron Fist,No Guard,
pawniard,Dark,Steel,45,Defiant,Pressure,
bisharp,Dark,Steel,65,Defiant,Pressure,
bouffalant,Normal,-----,95,Reckless,Soundproof,
rufflet,Normal,Flying,70,Keen Eye,Hustle,
braviary,Normal,Flying,100,Keen Eye,Defiant,
vullaby,Dark,Flying,70,Big Pecks,Weak Armor,
mandibuzz,Dark,Flying,110,Big Pecks,Weak Armor,
heatmor,Fire,-----,85,Gluttony,White Smoke,
durant,Bug,Steel,58,Swarm,Truant,
deino,Dark,Dragon,52,Hustle,-----,
zweilous,Dark,Dragon,72,Hustle,-----,
hydreigon,Dark,Dragon,92,Levitate,-----,
larvesta,Bug,Fire,55,Flame Body,Swarm,
volcarona,Bug,Fire,85,Flame Body,Swarm,
cobalion,Steel,Fighting,91,Justified,-----,
terrakion,Rock,Fighting,91,Justified,-----,
virizion,Grass,Fighting,91,Justified,-----,
tornadus,Flying,-----,79,Prankster,Defiant,
thundurus,Electric,Flying,79,Volt,Absorb,
reshiram,Dragon,Fire,100,Turboblaze,-----,
zekrom,Dragon,Electric,100,Teravolt,-----,
landorus,Ground,Flying,89,Sand Force,Sheer Force,
kyurem,Dragon,Ice,125,Pressure,Turboblaze,
keldeo,Water,Fighting,91,Justified,-----,
meloetta,Normal,Psychic,100,Serene Grace,-----,
genesect,Bug,Steel,71,Download,-----,
chespin,Grass,-----,56,Overgrow,Bulletproof,
quilladin,Grass,-----,61,Overgrow,Bulletproof,
chesnaught,Grass,Fighting,88,Overgrow,Bulletproof,
fennekin,Fire,-----,40,Blaze,Magician,
braixen,Fire,-----,59,Blaze,Magician,
delphox,Fire,Psychic,75,Blaze,Magician,
froakie,Water,-----,41,Torrent,Protean,
frogadier,Water,-----,54,Torrent,Protean,
greninja,Water,Dark,72,Torrent,Protean,
bunnelby,Normal,-----,38,Pickup,Huge Power,
diggersby,Normal,Ground,85,Pickup,Huge Power,
fletchling,Normal,Flying,45,Big Pecks,Gale Wings,
fletchinder,Fire,Flying,62,Flame Body,Gale Wings,
talonflame,Fire,Flying,78,Flame Body,Gale Wings,
scatterbug,Bug,-----,38,Shield Dust,Friend Guard,
spewpa,Bug,-----,45,Shed Skin,Friend Guard,
vivillon,Bug,Flying,80,Shield Dust,Friend Guard,
litleo,Fire,Normal,62,Rivalry,Moxie,
pyroar,Fire,Normal,86,Rivalry,Moxie,
flabébé,Fairy,-----,44,Flower Veil,Symbiosis,
floette,Fairy,-----,54,Flower Veil,Symbiosis,
florges,Fairy,-----,78,Flower Veil,Symbiosis,
skiddo,Grass,-----,66,Sap Sipper,Grass Pelt,
gogoat,Grass,-----,123,Sap Sipper,Grass Pelt,
pancham,Fighting,-----,67,Iron Fist,Scrappy,
pangoro,Fighting,Dark,95,Iron Fist,Scrappy,
furfrou,Normal,-----,75,Fur Coat,-----,
espurr,Psychic,-----,62,Keen Eye,Own Tempo,
meowstic,Psychic,-----,74,Keen Eye,Prankster,
honedge,Steel,Ghost,45,No Guard,-----,
doublade,Steel,Ghost,59,No Guard,-----,
aegislash,Steel,Ghost,60,Stance Change,-----,
spritzee,Fairy,-----,78,Healer,Aroma Veil,
aromatisse,Fairy,-----,101,Healer,Aroma Veil,
swirlix,Fairy,-----,62,Sweet Veil,Unburden,
slurpuff,Fairy,-----,82,Sweet Veil,Unburden,
inkay,Dark,Psychic,53,Contrary,Infiltrator,
malamar,Dark,Psychic,86,Contrary,Infiltrator,
binacle,Rock,Water,42,Tough Claws,Pickpocket,
barbaracle,Rock,Water,72,Tough Claws,Pickpocket,
skrelp,Poison,Water,50,Poison Point,Adaptability,
dragalge,Poison,Dragon,65,Poison Point,Adaptability,
clauncher,Water,-----,50,Mega Launcher,-----,
clawitzer,Water,-----,71,Mega Launcher,-----,
helioptile,Electric,Normal,44,Dry Skin ,Solar Power,
heliolisk,Electric,Normal,62,Dry Skin ,Solar Power,
tyrunt,Rock,Dragon,58,Strong Jaw,Sturdy,
tyrantrum,Rock,Dragon,82,Strong Jaw,Rock Head,
amaura,Rock,Ice,77,Refrigerate,Snow Warning,
aurorus,Rock,Ice,123,Refrigerate,Snow Warning,
hawlucha,Fighting,Flying,78,Limber,Mold Breaker,
dedenne,Electric,Fairy,67,Cheek Pouch,Plus,
carbink,Rock,Fairy,50,Clear Body,Sturdy,
goomy,Dragon,-----,45,Sap Sipper,Gooey,
sliggoo,Dragon,-----,68,Sap Sipper,Gooey,
goodra,Dragon,-----,90,Sap Sipper,Gooey,
klefki,Steel,Fairy,57,Prankster,Magician,
phantump,Ghost,Grass,43,Natural Cure,Harvest,
trevenant,Ghost,Grass,85,Natural Cure,Harvest,
pumpkaboo,Ghost,Grass,59,Pickup,Insomnia,
gourgeist,Ghost,Grass,85,Pickup,Insomnia,
bergmite,Ice,-----,55,Own Tempo,Sturdy,
avalugg,Ice,-----,95,Own Tempo,Sturdy,
noibat,Flying,Dragon,40,Frisk,Telepathy,
noivern,Flying,Dragon,85,Frisk,Telepathy,
xerneas,Fairy,-----,126,Fairy Aura,-----,
yveltal,Dark,Flying,126,Dark Aura,-----,
zygarde,Dragon,Ground,108,Aura Break,-----,
diancie,Rock,Fairy,50,Magic Bounce,-----,
hoopa,Psychic,Ghost,80,Magician,-----,
volcanion,Fire,Water,80,Water Absorb,-----,
